codigo_ibge,municipio,ano,request_status,data_status,new_iss,legacy_iss,adjusted_iss,iss_source,new_cota_raw,legacy_cota_raw,adjusted_cota,cota_source,cota_target_pr,total_real_2025,api_attempts,api_error
2800100,Amparo de São Francisco,2019,ok,ok,23637.59,23637.59,23637.59,new_observed,3037625.45,3037625.45,2973576.648083596,new_observed,854331308.46,5219415.366916995,1,
2800100,Amparo de São Francisco,2020,ok,ok,49153.46,49153.46,49153.46,new_observed,2969426.3,2969426.3,2984267.4759691954,new_observed,849401061.42,5171398.279747251,1,
2800100,Amparo de São Francisco,2021,ok,ok,88562.44,88562.44,88562.44,new_observed,3616005.51,3616005.51,3652536.3691068,new_observed,1035013278.3,5078716.524735458,1,
2800100,Amparo de São Francisco,2022,ok,ok,39212.36,39212.36,39212.36,new_observed,3934090.05,3934090.05,3968920.140046065,new_observed,1117955891.44,5093156.225016703,1,
2800100,Amparo de São Francisco,2023,ok,ok,228887.0,228887.0,228887.0,new_observed,4418638.5,4418638.5,4391114.667312633,new_observed,1239994874.78,5701620.066321346,1,
2800100,Amparo de São Francisco,2024,ok,ok,605004.6,605004.6,605004.6,new_observed,4918000.44,4918000.44,4868118.402766691,new_observed,1345665247.36,5869715.75646708,1,
2800100,Amparo de São Francisco,2025,ok,ok,312124.54,312124.54,312124.54,new_observed,6937980.93,6937980.93,6976696.110022143,new_observed,1460948415.09,7288820.6500221435,1,
2800209,Aquidabã,2019,ok,ok,498140.95,498140.95,498140.95,new_observed,4488523.19,4488523.19,4393881.985076761,new_observed,854331308.46,8519077.267888606,1,
2800209,Aquidabã,2020,ok,ok,498672.96,498672.96,498672.96,new_observed,4390223.82,4390223.82,4412166.133994045,new_observed,849401061.42,8372034.537528574,1,
2800209,Aquidabã,2021,ok,ok,503549.58,503549.58,503549.58,new_observed,5395517.14,5395517.14,5450025.595782099,new_observed,1035013278.3,8082256.622812492,1,
2800209,Aquidabã,2022,ok,ok,703088.96,703088.96,703088.96,new_observed,5616366.83,5616366.83,5666090.796643986,new_observed,1117955891.44,8093352.084899605,2,
2800209,Aquidabã,2023,ok,ok,1204966.71,1204966.71,1204966.71,new_observed,6240221.29,6240221.29,6201350.763090386,new_observed,1239994874.78,9140258.242954656,1,
2800209,Aquidabã,2024,ok,ok,1100800.82,1100800.82,1100800.82,new_observed,6338833.8,6338833.8,6274540.608593258,new_observed,1345665247.36,7909772.495676487,5,
2800209,Aquidabã,2025,ok,ok,1739052.53,1739052.53,1739052.53,new_observed,5835933.4,5835933.4,5868498.956818019,new_observed,1460948415.09,7607551.486818019,1,
2800308,Aracaju,2019,ok,ok,288226857.66,288226857.66,288226857.66,new_observed,249755489.44,249755489.44,244489356.35875487,new_observed,854331308.46,927683833.316216,1,
2800308,Aracaju,2020,ok,ok,285543783.06,285543783.06,285543783.06,new_observed,245819640.07,245819640.07,247048245.25038892,new_observed,849401061.42,907966799.5801736,1,
2800308,Aracaju,2021,ok,ok,334777651.45,334777651.45,334777651.45,new_observed,282427943.47,282427943.47,285281184.53453755,new_observed,1035013278.3,841758856.7714851,1,
2800308,Aracaju,2022,ok,ok,393452954.71,393452954.71,393452954.71,new_observed,322713419.46,322713419.46,325570531.85854954,new_observed,1117955891.44,913667137.1287585,1,
2800308,Aracaju,2023,ok,ok,423106746.34,423106746.34,423106746.34,new_observed,356779786.57,356779786.57,354557394.50244635,new_observed,1239994874.78,959728110.4153763,1,
2800308,Aracaju,2024,ok,ok,518592130.3,518592130.3,518592130.3,new_observed,351468067.44,351468067.44,347903215.53722924,new_observed,1345665247.36,929283223.0876479,1,
2800308,Aracaju,2025,ok,ok,562606759.74,562606759.74,562606759.74,new_observed,361480998.45,361480998.45,363498127.36268735,new_observed,1460948415.09,926104887.1026874,1,
2800407,Arauá,2019,ok,ok,257109.02,257109.02,257109.02,new_observed,3687203.44,3687203.44,3609458.1858067806,new_observed,854331308.46,6733325.911366614,1,
2800407,Arauá,2020,ok,ok,305358.74,305358.74,305358.74,new_observed,3437140.52,3437140.52,3454319.329013772,new_observed,849401061.42,6409526.771558727,1,
2800407,Arauá,2021,ok,ok,383671.63,383671.63,383671.63,new_observed,4101374.48,4101374.48,4142808.801064711,new_observed,1035013278.3,6144908.792085248,1,
2800407,Arauá,2022,ok,ok,517490.73,517490.73,517490.73,new_observed,4365056.62,4365056.62,4403702.231360823,new_observed,1117955891.44,6253387.223445132,1,
2800407,Arauá,2023,ok,ok,1485863.44,1485863.44,1485863.44,new_observed,4781788.63,4781788.63,4752002.724183429,new_observed,1239994874.78,7698253.259164564,1,
2800407,Arauá,2024,ok,ok,823296.63,823296.63,823296.63,new_observed,5552336.12,5552336.12,5496020.176061271,new_observed,1345665247.36,6777226.349178445,1,
2800407,Arauá,2025,ok,ok,1078750.58,1078750.58,1078750.58,new_observed,6185624.84,6185624.84,6220141.73787652,new_observed,1460948415.09,7298892.31787652,1,
2800506,Areia Branca,2019,ok,ok,2517098.63,2517098.63,2517098.63,new_observed,4411919.75,4411919.75,4318893.7404441405,new_observed,854331308.46,11904348.769288186,1,
2800506,Areia Branca,2020,ok,ok,2509482.92,2509482.92,2509482.92,new_observed,4401627.39,4401627.39,4423626.698972854,new_observed,849401061.42,11819616.173842955,1,
2800506,Areia Branca,2021,ok,ok,2124451.7,2124451.7,2124451.7,new_observed,6090315.21,6090315.21,6151842.8946888745,new_observed,1035013278.3,11235456.818009213,1,
2800506,Areia Branca,2022,ok,ok,3187821.27,3187821.27,3187821.27,new_observed,6482848.96,6482848.96,6540244.2433214495,new_observed,1117955891.44,12361506.867842821,3,
2800506,Areia Branca,2023,ok,ok,2142473.21,2142473.21,2142473.21,new_observed,7053132.91,7053132.91,7009198.732054327,new_observed,1239994874.78,11294228.907834731,3,
2800506,Areia Branca,2024,ok,ok,3013915.82,3013915.82,3013915.82,new_observed,7405575.77,7405575.77,7330462.884021235,new_observed,1345665247.36,11093951.778383642,4,
2800506,Areia Branca,2025,ok,ok,2844447.64,2844447.64,2844447.64,new_observed,6416096.33,6416096.33,6451899.300195735,new_observed,1460948415.09,9296346.940195736,1,
2800605,Barra dos Coqueiros,2019,ok,ok,78245844.19,78245844.19,78245844.19,new_observed,11164267.55,11164267.55,10928867.243865587,new_observed,854331308.46,155290820.81763586,1,
2800605,Barra dos Coqueiros,2020,ok,ok,45256665.0,45256665.0,45256665.0,new_observed,9900411.76,9900411.76,9949893.962369412,new_observed,849401061.42,94116546.9860994,1,
2800605,Barra dos Coqueiros,2021,ok,ok,18228392.66,18228392.66,18228392.66,new_observed,12834932.17,12834932.17,12964597.652381305,new_observed,1035013278.3,42345942.57969556,1,
2800605,Barra dos Coqueiros,2022,ok,ok,26050081.03,26050081.03,26050081.03,new_observed,32198858.46,32198858.46,32483927.974243157,new_observed,1117955891.44,74379490.28175054,1,
2800605,Barra dos Coqueiros,2023,ok,ok,23667215.41,23667215.41,23667215.41,new_observed,60007944.67,60007944.67,59634153.3700306,new_observed,1239994874.78,102803589.69318898,1,
2800605,Barra dos Coqueiros,2024,ok,ok,28859499.19,28859499.19,28859499.19,new_observed,75213376.44,75213376.44,74450506.14549816,new_observed,1345665247.36,110796042.00598694,6,
2800605,Barra dos Coqueiros,2025,ok,ok,29149563.53,29149563.53,29149563.53,new_observed,79325499.48,79325499.48,79768150.01820417,new_observed,1460948415.09,108917713.54820417,1,
2800670,Boquim,2019,ok,ok,685692.76,685692.76,685692.76,new_observed,5681249.03,5681249.03,5561459.016468137,new_observed,854331308.46,10878928.695604028,1,
2800670,Boquim,2020,ok,ok,797043.65,797043.65,797043.65,new_observed,5491848.39,5491848.39,5519296.617407473,new_observed,849401061.42,10768143.255638495,1,
2800670,Boquim,2021,ok,ok,1205599.12,1205599.12,1205599.12,new_observed,6646320.89,6646320.89,6713465.647202312,new_observed,1035013278.3,10750500.627178859,1,
2800670,Boquim,2022,ok,ok,3112648.74,3112648.74,3112648.74,new_observed,6802744.8,6802744.8,6862972.25054969,new_observed,1117955891.44,12676076.987435302,1,
2800670,Boquim,2023,ok,ok,2060224.25,2060224.25,2060224.25,new_observed,7363234.62,7363234.62,7317368.809135701,new_observed,1239994874.78,11573041.875299778,1,
2800670,Boquim,2024,ok,ok,2571945.85,2571945.85,2571945.85,new_observed,8035876.72,8035876.72,7954370.8505639,new_observed,1345665247.36,11289073.343250118,1,
2800670,Boquim,2025,ok,ok,2316592.99,2316592.99,2316592.99,new_observed,8650796.81,8650796.81,8699069.810345959,new_observed,1460948415.09,11015662.80034596,1,
2800704,Brejo Grande,2019,ok,ok,239455.01,239455.01,239455.01,new_observed,3199979.53,3199979.53,3132507.467223624,new_observed,854331308.46,5872010.264285153,1,
2800704,Brejo Grande,2020,ok,ok,300290.85,300290.85,300290.85,new_observed,3085561.37,3085561.37,3100982.9883967666,new_observed,849401061.42,5798516.608185298,1,
2800704,Brejo Grande,2021,ok,ok,305669.7,305669.7,305669.7,new_observed,4738728.1,4738728.1,4786601.314818894,new_observed,1035013278.3,6912995.959485712,1,
2800704,Brejo Grande,2022,ok,ok,502035.27,502035.27,502035.27,new_observed,5392996.64,5392996.64,5440743.020027404,new_observed,1117955891.44,7551521.3734574225,1,
2800704,Brejo Grande,2023,ok,ok,675150.52,675150.52,675150.52,new_observed,5543627.84,5543627.84,5509096.41473197,new_observed,1239994874.78,7632080.885950042,1,
2800704,Brejo Grande,2024,ok,ok,744531.83,744531.83,744531.83,new_observed,5539232.84,5539232.84,5483049.799323238,new_observed,1345665247.36,6678843.869550392,1,
2800704,Brejo Grande,2025,ok,ok,781387.89,781387.89,781387.89,new_observed,5723292.88,5723292.88,5755229.882480152,new_observed,1460948415.09,6536617.772480152,1,
2801009,Campo do Brito,2019,ok,ok,430157.13,430157.13,430157.13,new_observed,4234564.11,4234564.11,4145277.6715144054,new_observed,854331308.46,7967763.668646041,1,
2801009,Campo do Brito,2020,ok,ok,458399.58,458399.58,458399.58,new_observed,4161775.38,4161775.38,4182575.909974037,new_observed,849401061.42,7911969.084347554,1,
2801009,Campo do Brito,2021,ok,ok,579012.12,579012.12,579012.12,new_observed,5027910.35,5027910.35,5078705.041570443,new_observed,1035013278.3,7680615.537553131,1,
2801009,Campo do Brito,2022,ok,ok,1088802.54,1088802.54,1088802.54,new_observed,5066003.97,5066003.97,5110855.351693418,new_observed,1117955891.44,7877939.709749956,1,
2801009,Campo do Brito,2023,ok,ok,1026228.41,1026228.41,1026228.41,new_observed,5643852.18,5643852.18,5608696.454290699,new_observed,1239994874.78,8188269.93341307,1,
2801009,Campo do Brito,2024,ok,ok,1385625.42,1385625.42,1385625.42,new_observed,6122764.54,6122764.54,6060662.8845647955,new_observed,1345665247.36,7985860.315290944,1,
2801009,Campo do Brito,2025,ok,ok,1685561.35,1685561.35,1685561.35,new_observed,7950167.93,7950167.93,7994531.295325108,new_observed,1460948415.09,9680092.645325107,1,
2801108,Canhoba,2019,ok,ok,58955.96,58955.96,58955.96,new_observed,3056402.46,3056402.46,2991957.7419267595,new_observed,854331308.46,5312928.804567492,1,
2801108,Canhoba,2020,ok,ok,59530.5,59530.5,59530.5,new_observed,2958645.04,2958645.04,2973432.33129227,new_observed,849401061.42,5170617.299531119,1,
2801108,Canhoba,2021,ok,ok,68677.33,68677.33,68677.33,new_observed,3623576.44,3623576.44,3660183.784769328,new_observed,1035013278.3,5062103.282576473,2,
2801108,Canhoba,2022,ok,ok,88540.28,88540.28,88540.28,new_observed,3951094.34,3951094.34,3986074.9759014836,new_observed,1117955891.44,5177636.232061729,1,
2801108,Canhoba,2023,ok,ok,186870.91,186870.91,186870.91,new_observed,4400189.77,4400189.77,4372780.855009071,new_observed,1239994874.78,5627141.259006396,1,
2801108,Canhoba,2024,ok,ok,259121.42,259121.42,259121.42,new_observed,4933338.07,4933338.07,4883300.467056588,new_observed,1345665247.36,5515051.417919676,2,
2801108,Canhoba,2025,ok,ok,328802.02,328802.02,328802.02,new_observed,6269589.17,6269589.17,6304574.603922407,new_observed,1460948415.09,6633376.623922408,2,
2801207,Canindé de São Francisco,2019,ok,ok,1609377.89,1609377.89,1609377.89,new_observed,25835506.95,25835506.95,25290761.294458292,new_observed,854331308.46,46844499.15109859,1,
2801207,Canindé de São Francisco,2020,ok,partial,,,1450124.1693196457,imputed_temporal,27920690.7,27920690.7,28060238.155298077,new_observed,849401061.42,50309482.32428101,4,
2801207,Canindé de São Francisco,2021,ok,ok,1434457.44,1434457.44,1434457.44,new_observed,48485873.13,48485873.13,48975703.85483821,new_observed,1035013278.3,68434150.56545913,1,
2801207,Canindé de São Francisco,2022,ok,ok,2247634.12,2247634.12,2247634.12,new_observed,69072562.25,69072562.25,69684089.57456645,new_observed,1117955891.44,91404040.7364158,1,
2801207,Canindé de São Francisco,2023,ok,ok,3064548.1,3064548.1,3064548.1,new_observed,76996617.24,76996617.24,76517002.98542656,new_observed,1239994874.78,98212901.47749653,1,
2801207,Canindé de São Francisco,2024,ok,ok,3515078.5,3515078.5,3515078.5,new_observed,92037500.12,92037500.12,91103986.98516862,new_observed,1345665247.36,101475340.36047314,1,
2801207,Canindé de São Francisco,2025,ok,ok,6316477.23,6316477.23,6316477.23,new_observed,104938959.9,104938959.9,105524538.14889626,new_observed,1460948415.09,111841015.37889627,1,
2801306,Capela,2019,ok,ok,1141038.28,1141038.28,1141038.28,new_observed,12712566.62,12712566.62,12444520.188767513,new_observed,854331308.46,23658192.910952248,1,
2801306,Capela,2020,ok,ok,1290209.3,1290209.3,1290209.3,new_observed,12720770.65,12720770.65,12784348.990260685,new_observed,849401061.42,23994410.29347325,4,
2801306,Capela,2021,ok,ok,1280319.34,1280319.34,1280319.34,new_observed,13637091.78,13637091.78,13774861.116098627,new_observed,1035013278.3,20438111.27873357,1,
2801306,Capela,2022,ok,ok,1701648.23,1701648.23,1701648.23,new_observed,10450973.84,10450973.84,10543500.537480216,new_observed,1117955891.44,15559978.53629607,1,
2801306,Capela,2023,ok,ok,2587789.07,2587789.07,2587789.07,new_observed,12322306.79,12322306.79,12245550.768793384,new_observed,1239994874.78,18306068.73452133,1,
2801306,Capela,2024,ok,ok,2428481.12,2428481.12,2428481.12,new_observed,17969423.62,17969423.62,17787164.291435573,new_observed,1345665247.36,21680508.97790376,1,
2801306,Capela,2025,ok,ok,2295393.72,2295393.72,2295393.72,new_observed,17445519.84,17445519.84,17542868.974856373,new_observed,1460948415.09,19838262.69485637,1,
2801405,Carira,2019,ok,ok,670288.68,670288.68,670288.68,new_observed,4724288.8,4724288.8,4624676.440764898,new_observed,854331308.46,9220769.729253832,1,
2801405,Carira,2020,ok,ok,792581.61,792581.61,792581.61,new_observed,4652293.47,4652293.47,4675545.606632792,new_observed,849401061.42,9322103.420011839,1,
2801405,Carira,2021,ok,ok,931430.13,931430.13,931430.13,new_observed,6208153.41,6208153.41,6270871.560430615,new_observed,1035013278.3,9777461.242744701,1,
2801405,Carira,2022,ok,ok,883283.59,883283.59,883283.59,new_observed,7422863.93,7422863.93,7488581.545966008,new_observed,1117955891.44,10638175.51734019,1,
2801405,Carira,2023,ok,ok,1100973.94,1100973.94,1100973.94,new_observed,8958726.65,8958726.65,8902922.471086867,new_observed,1239994874.78,12345973.145942854,1,
2801405,Carira,2024,ok,ok,1277056.44,1277056.44,1277056.44,new_observed,9918941.84,9918941.84,9818336.516309157,new_observed,1345665247.36,11899385.931381369,1,
2801405,Carira,2025,ok,ok,1601407.22,1601407.22,1601407.22,new_observed,11029774.24,11029774.24,11091322.361797044,new_observed,1460948415.09,12692729.581797045,1,
2801504,Carmópolis,2019,ok,partial,,,11965350.66213314,imputed_temporal,13115808.49,13115808.49,12839259.641639022,new_observed,854331308.46,43195298.669298895,1,
2801504,Carmópolis,2020,ok,ok,11410394.86,11410394.86,11410394.86,new_observed,12339280.49,12339280.49,12400952.144583698,new_observed,849401061.42,40593759.170659155,1,
2801504,Carmópolis,2021,ok,ok,10437548.39,10437548.39,10437548.39,new_observed,14467131.95,14467131.95,14613286.804433541,new_observed,1035013278.3,34007679.869532734,2,
2801504,Carmópolis,2022,ok,ok,12366240.59,12366240.59,12366240.59,new_observed,10027926.67,10027926.67,10116707.959816039,new_observed,1117955891.44,28569207.570336003,1,
2801504,Carmópolis,2023,ok,ok,12411432.67,12411432.67,12411432.67,new_observed,8411375.84,8411375.84,8358981.125815818,new_observed,1239994874.78,25633109.38216755,1,
2801504,Carmópolis,2024,ok,ok,13244380.57,13244380.57,13244380.57,new_observed,10161874.03,10161874.03,10058804.70641843,new_observed,1345665247.36,24991777.769971628,1,
2801504,Carmópolis,2025,ok,ok,20355102.97,20355102.97,20355102.97,new_observed,6958636.3,6958636.3,6997466.740697555,new_observed,1460948415.09,27352569.710697554,1,
2801603,Cedro de São João,2019,ok,ok,654709.1,654709.1,654709.1,new_observed,3382712.85,3382712.85,3311387.8269397267,new_observed,854331308.46,6906649.175798461,1,
2801603,Cedro de São João,2020,ok,ok,464778.0,464778.0,464778.0,new_observed,3268316.56,3268316.56,3284651.587809916,new_observed,849401061.42,6392055.085569091,1,
2801603,Cedro de São João,2021,ok,ok,275438.11,275438.11,275438.11,new_observed,4026880.56,4026880.56,4067562.302870815,new_observed,1035013278.3,5895826.089941227,1,
2801603,Cedro de São João,2022,ok,ok,385957.86,385957.86,385957.86,new_observed,4273226.79,4273226.79,4311059.394742477,new_observed,1117955891.44,5968525.908194794,1,
2801603,Cedro de São João,2023,ok,ok,354899.68,354899.68,354899.68,new_observed,4648223.38,4648223.38,4619269.456160195,new_observed,1239994874.78,6138703.966421776,1,
2801603,Cedro de São João,2024,ok,ok,699598.87,699598.87,699598.87,new_observed,4808079.7,4808079.7,4759312.561090163,new_observed,1345665247.36,5854474.387663254,1,
2801603,Cedro de São João,2025,ok,ok,588094.22,588094.22,588094.22,new_observed,6204725.53,6204725.53,6239349.013158226,new_observed,1460948415.09,6827443.233158226,1,
2801702,Cristinápolis,2019,ok,ok,396459.92,396459.92,396459.92,new_observed,7921187.54,7921187.54,7754168.076921645,new_observed,854331308.46,14193684.414217101,1,
2801702,Cristinápolis,2020,ok,ok,435683.68,435683.68,435683.68,new_observed,7141212.69,7141212.69,7176904.430914986,new_observed,849401061.42,12977996.09490462,4,
2801702,Cristinápolis,2021,ok,ok,471717.78,471717.78,471717.78,new_observed,8344048.15,8344048.15,8428344.273583066,new_observed,1035013278.3,12082250.303753719,1,
2801702,Cristinápolis,2022,ok,ok,879935.17,879935.17,879935.17,new_observed,7830784.39,7830784.39,7900113.490749747,new_observed,1117955891.44,11156856.58893093,3,
2801702,Cristinápolis,2023,ok,ok,883377.41,883377.41,883377.41,new_observed,9159360.2,9159360.2,9102306.268643513,new_observed,1239994874.78,12323496.513196968,2,
2801702,Cristinápolis,2024,ok,ok,1293503.76,1293503.76,1293503.76,new_observed,11642386.39,11642386.39,11524300.603210084,new_observed,1345665247.36,13746606.497974576,6,
2801702,Cristinápolis,2025,ok,ok,1206376.32,1206376.32,1206376.32,new_observed,12822285.86,12822285.86,12893836.51866768,new_observed,1460948415.09,14100212.83866768,1,
2801900,Cumbe,2019,ok,ok,118103.82,118103.82,118103.82,new_observed,3101754.68,3101754.68,3036353.7033612905,new_observed,854331308.46,5493242.312316692,1,
2801900,Cumbe,2020,ok,ok,105507.05,105507.05,105507.05,new_observed,3003699.38,3003699.38,3018711.8526305356,new_observed,849401061.42,5326191.31985231,1,
2801900,Cumbe,2021,ok,ok,158450.14,158450.14,158450.14,new_observed,3687310.88,3687310.88,3724562.1048302,new_observed,1035013278.3,5271370.647993565,1,
2801900,Cumbe,2022,ok,ok,283663.7,283663.7,283663.7,new_observed,4130206.18,4130206.18,4166772.565448706,new_observed,1117955891.44,5655194.075831989,1,
2801900,Cumbe,2023,ok,ok,350494.93,350494.93,350494.93,new_observed,4535435.95,4535435.95,4507184.58246856,new_observed,1239994874.78,5994942.205325965,1,
2801900,Cumbe,2024,ok,ok,310200.9,310200.9,310200.9,new_observed,4612970.2,4612970.2,4566182.00750595,new_observed,1345665247.36,5229734.755145348,1,
2801900,Cumbe,2025,ok,ok,216388.81,216388.81,216388.81,new_observed,5648756.5,5648756.5,5680277.576089029,new_observed,1460948415.09,5896666.386089029,1,
2802007,Divina Pastora,2019,ok,ok,972472.97,972472.97,972472.97,new_observed,7754882.06,7754882.06,7591369.173661096,new_observed,854331308.46,14913264.696438901,1,
2802007,Divina Pastora,2020,ok,ok,973094.86,973094.86,973094.86,new_observed,6954654.36,6954654.36,6989413.683429477,new_observed,849401061.42,13574543.016993983,1,
2802007,Divina Pastora,2021,ok,ok,955939.63,955939.63,955939.63,new_observed,7055009.84,7055009.84,7126283.395792265,new_observed,1035013278.3,10971995.590645408,1,
2802007,Divina Pastora,2022,api_error,api_error,,1441344.93,1441344.93,legacy_snapshot,,5714663.83,5765258.05973348,legacy_snapshot,1117955891.44,9157470.43740775,6,HTTP 429: Too Many Requests | HTTP 429: Too Many Requests | HTTP 429: Too Many Requests
2802007,Divina Pastora,2023,ok,ok,758092.27,758092.27,758092.27,new_observed,5738794.53,5738794.53,5703047.40552469,new_observed,1239994874.78,7973798.772827085,4,
2802007,Divina Pastora,2024,ok,ok,654800.85,654800.85,654800.85,new_observed,5963137.13,5963137.13,5902654.53509686,new_observed,1345665247.36,7032620.896109196,1,
2802007,Divina Pastora,2025,ok,ok,2355382.17,2355382.17,2355382.17,new_observed,6458109.53,6458109.53,6494146.941399555,new_observed,1460948415.09,8849529.111399554,1,
2802106,Estância,2019,ok,ok,7882960.3,7882960.3,7882960.3,new_observed,47916019.96,47916019.96,46905703.27627571,new_observed,854331308.46,95410194.22946,1,
2802106,Estância,2020,ok,ok,10999785.86,10999785.86,10999785.86,new_observed,47147977.69,47147977.69,47383623.01768131,new_observed,849401061.42,99532464.04273106,1,
2802106,Estância,2021,ok,ok,9860024.53,9860024.53,9860024.53,new_observed,52948078.9,52948078.9,53482989.26031956,new_observed,1035013278.3,85991102.42165703,1,
2802106,Estância,2022,ok,ok,11950746.34,11950746.34,11950746.34,new_observed,48595049.85,48595049.85,49025281.476769336,new_observed,1117955891.44,77482577.1473875,1,
2802106,Estância,2023,ok,ok,12362427.27,12362427.27,12362427.27,new_observed,48193588.51,48193588.51,47893389.19141961,new_observed,1239994874.78,74362694.42925245,1,
2802106,Estância,2024,ok,ok,13962100.35,13962100.35,13962100.35,new_observed,50031255.42,50031255.42,49523801.023414046,new_observed,1345665247.36,68086208.80924292,1,
2802106,Estância,2025,ok,ok,16133137.42,16133137.42,16133137.42,new_observed,62008044.32,62008044.32,62354060.34726946,new_observed,1460948415.09,78487197.76726946,1,
2802205,Feira Nova,2019,ok,ok,107897.4,107897.4,107897.4,new_observed,3403646.41,3403646.41,3331879.9995929603,new_observed,854331308.46,5990104.674562315,1,
2802205,Feira Nova,2020,ok,ok,75008.42,75008.42,75008.42,new_observed,3366657.76,3366657.76,3383484.296575168,new_observed,849401061.42,5896063.771743167,1,
2802205,Feira Nova,2021,ok,ok,144141.29,144141.29,144141.29,new_observed,4086384.28,4086384.28,4127667.16189166,new_observed,1035013278.3,5799179.674782927,1,
2802205,Feira Nova,2022,ok,ok,257942.25,257942.25,257942.25,new_observed,4553996.78,4553996.78,4594315.154999295,new_observed,1117955891.44,6165790.4291765625,1,
2802205,Feira Nova,2023,ok,ok,390653.96,390653.96,390653.96,new_observed,5429591.35,5429591.35,5395770.261472804,new_observed,1239994874.78,7141121.330501169,1,
2802205,Feira Nova,2024,ok,ok,392115.32,392115.32,392115.32,new_observed,5984174.17,5984174.17,5923478.201709572,new_observed,1345665247.36,6773233.268662271,1,
2802205,Feira Nova,2025,ok,ok,507726.51,507726.51,507726.51,new_observed,6199742.75,6199742.75,6234338.428350653,new_observed,1460948415.09,6742064.938350652,1,
2802304,Frei Paulo,2019,ok,ok,579196.32,579196.32,579196.32,new_observed,6487177.96,6487177.96,6350394.810465715,new_observed,854331308.46,12067343.726463268,1,
2802304,Frei Paulo,2020,ok,ok,459041.43,459041.43,459041.43,new_observed,6505204.07,6505204.07,6537717.043404457,new_observed,849401061.42,11928125.20811924,1,
2802304,Frei Paulo,2021,ok,ok,504934.19,504934.19,504934.19,new_observed,8025698.99,8025698.99,8106778.976804909,new_observed,1035013278.3,11690803.210027015,1,
2802304,Frei Paulo,2022,ok,ok,1345307.37,1345307.37,1345307.37,new_observed,8318275.95,8318275.95,8391921.010658061,new_observed,1117955891.44,12373150.174248965,1,
2802304,Frei Paulo,2023,ok,ok,1061241.18,1061241.18,1061241.18,new_observed,10484892.26,10484892.26,10419581.54940231,new_observed,1239994874.78,14168672.21390308,1,
2802304,Frei Paulo,2024,ok,ok,1383345.96,1383345.96,1383345.96,new_observed,10644264.53,10644264.53,10536302.441325063,new_observed,1345665247.36,12783368.471243517,1,
2802304,Frei Paulo,2025,ok,ok,1350045.64,1350045.64,1350045.64,new_observed,10265983.6,10265983.6,10323269.632808162,new_observed,1460948415.09,11673315.272808162,1,
2802403,Gararu,2019,ok,ok,285173.44,285173.44,285173.44,new_observed,3288098.26,3288098.26,3218768.2001875197,new_observed,854331308.46,6101841.70660709,1,
2802403,Gararu,2020,ok,ok,335714.64,335714.64,335714.64,new_observed,3213735.16,3213735.16,3229797.3902792805,new_observed,849401061.42,6078511.08336639,1,
2802403,Gararu,2021,ok,ok,312617.2,312617.2,312617.2,new_observed,3956968.51,3956968.51,3996943.963225693,new_observed,1035013278.3,5850430.745307712,1,
2802403,Gararu,2022,ok,ok,1927915.04,1927915.04,1927915.04,new_observed,4324527.15,4324527.15,4362813.937573954,new_observed,1117955891.44,7993664.244297192,2,
2802403,Gararu,2023,ok,ok,1177539.02,1177539.02,1177539.02,new_observed,4840737.13,4840737.13,4810584.03219631,new_observed,1239994874.78,7390041.1758646965,1,
2802403,Gararu,2024,ok,ok,966798.31,966798.31,966798.31,new_observed,5175580.86,5175580.86,5123086.249576069,new_observed,1345665247.36,6531169.011977169,2,
2802403,Gararu,2025,ok,ok,1207588.72,1207588.72,1207588.72,new_observed,4434817.54,4434817.54,4459564.6186038125,new_observed,1460948415.09,5667153.338603812,1,
2802502,General Maynard,2019,ok,ok,193769.18,193769.18,193769.18,new_observed,3224401.78,3224401.78,3156414.770309217,new_observed,854331308.46,5834084.654363271,6,
2802502,General Maynard,2020,ok,ok,140297.11,140297.11,140297.11,new_observed,2952970.85,2952970.85,2967729.78172252,new_observed,849401061.42,5298587.060792034,1,
2802502,General Maynard,2021,ok,ok,200202.73,200202.73,200202.73,new_observed,3985802.69,3985802.69,4026069.441832437,new_observed,1035013278.3,5737362.0458422555,1,
2802502,General Maynard,2022,ok,ok,304561.54,304561.54,304561.54,new_observed,4671882.15,4671882.15,4713244.211849375,new_observed,1117955891.44,6376153.632810927,1,
2802502,General Maynard,2023,ok,ok,352082.7,352082.7,352082.7,new_observed,5230321.31,5230321.31,5197741.480571181,new_observed,1239994874.78,6849129.32745892,1,
2802502,General Maynard,2024,ok,ok,376968.28,376968.28,376968.28,new_observed,5909807.08,5909807.08,5849865.398334303,new_observed,1345665247.36,6678041.720630553,1,
2802502,General Maynard,2025,ok,ok,415018.37,415018.37,415018.37,new_observed,4784615.28,4784615.28,4811314.292835412,new_observed,1460948415.09,5226332.662835412,1,
2802601,Gracho Cardoso,2019,ok,ok,50853.19,50853.19,50853.19,new_observed,3152391.12,3152391.12,3085922.466200727,new_observed,854331308.46,5462450.716573894,1,
2802601,Gracho Cardoso,2020,ok,ok,97931.51,97931.51,97931.51,new_observed,3077303.98,3077303.98,3092684.3280079253,new_observed,849401061.42,5439385.302698418,1,
2802601,Gracho Cardoso,2021,ok,partial,,,118576.25358338055,imputed_temporal,3768937.9,3768937.9,3807013.7654892583,new_observed,1035013278.3,5329171.9669817565,1,
2802601,Gracho Cardoso,2022,ok,ok,163658.95,163658.95,163658.95,new_observed,4207484.64,4207484.64,4244735.202904283,new_observed,1117955891.44,5601770.929961432,1,
2802601,Gracho Cardoso,2023,ok,ok,303988.89,303988.89,303988.89,new_observed,4976574.48,4976574.48,4945575.2472400125,new_observed,1239994874.78,6478573.468078176,1,
2802601,Gracho Cardoso,2024,ok,ok,391169.81,391169.81,391169.81,new_observed,5196233.69,5196233.69,5143529.603133844,new_observed,1345665247.36,5935754.108971867,1,
2802601,Gracho Cardoso,2025,ok,ok,957130.86,957130.86,957130.86,new_observed,4881819.98,4881819.98,4909061.412524577,new_observed,1460948415.09,5866192.272524578,1,
2802700,Ilha das Flores,2019,ok,ok,86222.07,86222.07,86222.07,new_observed,3237351.68,3237351.68,3169091.619667,new_observed,854331308.46,5668875.477799364,1,
2802700,Ilha das Flores,2020,ok,ok,256378.02,256378.02,256378.02,new_observed,3120463.27,3120463.27,3136059.327896935,new_observed,849401061.42,5783452.094313196,1,
2802700,Ilha das Flores,2021,ok,ok,141051.94,141051.94,141051.94,new_observed,3803493.28,3803493.28,3841918.2427775986,new_observed,1035013278.3,5407068.22165726,1,
2802700,Ilha das Flores,2022,ok,ok,202042.08,202042.08,202042.08,new_observed,4099331.16,4099331.16,4135624.196411671,new_observed,1117955891.44,5511896.624549518,1,
2802700,Ilha das Flores,2023,ok,ok,557050.64,557050.64,557050.64,new_observed,4758729.94,4758729.94,4729087.667459958,new_observed,1239994874.78,6523710.25326821,1,
2802700,Ilha das Flores,2024,ok,ok,437294.23,437294.23,437294.23,new_observed,5147470.27,5147470.27,5095260.778195746,new_observed,1345665247.36,5933454.31643166,1,
2802700,Ilha das Flores,2025,ok,ok,548360.17,548360.17,548360.17,new_observed,5494190.98,5494190.98,5524849.552719188,new_observed,1460948415.09,6073209.722719188,1,
2802809,Indiaroba,2019,ok,ok,445977.23,445977.23,445977.23,new_observed,3479362.42,3479362.42,3405999.5258242358,new_observed,854331308.46,6707917.778080212,1,
2802809,Indiaroba,2020,ok,ok,448406.05,448406.05,448406.05,new_observed,3369211.54,3369211.54,3386050.840353265,new_observed,849401061.42,6537010.2551238015,1,
2802809,Indiaroba,2021,ok,ok,520589.33,520589.33,520589.33,new_observed,4140664.45,4140664.45,4182495.6997625274,new_observed,1035013278.3,6384657.790846663,1,
2802809,Indiaroba,2022,ok,ok,996994.99,996994.99,996994.99,new_observed,4646047.27,4646047.27,4687180.605209849,new_observed,1117955891.44,7222913.493128868,1,
2802809,Indiaroba,2023,ok,ok,1522868.32,1522868.32,1522868.32,new_observed,5220226.02,5220226.02,5187709.074437533,new_observed,1239994874.78,8281633.965509636,6,
2802809,Indiaroba,2024,ok,ok,1446997.48,1446997.48,1446997.48,new_observed,5266927.08,5266927.08,5213505.967921025,new_observed,1345665247.36,7143136.014758394,1,
2802809,Indiaroba,2025,ok,ok,2063663.98,2063663.98,2063663.98,new_observed,5818065.02,5818065.02,5850530.868047501,new_observed,1460948415.09,7914194.8480475005,1,
2802908,Itabaiana,2019,ok,ok,10650060.27,10650060.27,10650060.27,new_observed,25308728.1,25308728.1,24775089.657896142,new_observed,854331308.46,61690141.98572033,1,
2802908,Itabaiana,2020,ok,ok,11713033.78,11713033.78,11713033.78,new_observed,24832188.36,24832188.36,24956299.497949768,new_observed,849401061.42,62514148.55896999,1,
2802908,Itabaiana,2021,ok,ok,10262176.59,10262176.59,10262176.59,new_observed,31633006.94,31633006.94,31952580.82241081,new_observed,1035013278.3,57308506.67087764,1,
2802908,Itabaiana,2022,ok,ok,13467076.39,13467076.39,13467076.39,new_observed,32542070.33,32542070.33,32830178.437713318,new_observed,1117955891.44,58830178.79879038,1,
2802908,Itabaiana,2023,ok,ok,16249390.59,16249390.59,16249390.59,new_observed,36818135.99,36818135.99,36588794.708777405,new_observed,1239994874.78,65208473.775888026,1,
2802908,Itabaiana,2024,ok,ok,20390964.09,20390964.09,20390964.09,new_observed,37795539.58,37795539.58,37412188.96106785,new_observed,1345665247.36,61991677.88953753,1,
2802908,Itabaiana,2025,ok,ok,24326131.34,24326131.34,24326131.34,new_observed,41766988.38,41766988.38,42000055.67874718,new_observed,1460948415.09,66326187.01874718,1,
2803005,Itabaianinha,2019,ok,ok,1636163.51,1636163.51,1636163.51,new_observed,6155399.15,6155399.15,6025611.607933301,new_observed,854331308.46,13342385.16562391,1,
2803005,Itabaianinha,2020,ok,ok,1253698.81,1253698.81,1253698.81,new_observed,5989043.82,5989043.82,6018977.027374045,new_observed,849401061.42,12398511.155702483,1,
2803005,Itabaianinha,2021,ok,ok,1903195.81,1903195.81,1903195.81,new_observed,7354286.93,7354286.93,7428583.946121198,new_observed,1035013278.3,12668327.267175255,1,
2803005,Itabaianinha,2022,ok,ok,2816396.37,2816396.37,2816396.37,new_observed,7574660.08,7574660.08,7641721.608663976,new_observed,1117955891.44,13289188.589543726,1,
2803005,Itabaianinha,2023,ok,ok,3256699.0,3256699.0,3256699.0,new_observed,8235839.23,8235839.23,8184537.938661826,new_observed,1239994874.78,14119818.738281192,1,
2803005,Itabaianinha,2024,ok,ok,4305784.72,4305784.72,4305784.72,new_observed,9485411.02,9485411.02,9389202.889999734,new_observed,1345665247.36,14687352.087355157,1,
2803005,Itabaianinha,2025,ok,ok,4082337.57,4082337.57,4082337.57,new_observed,12982945.49,12982945.49,13055392.658266148,new_observed,1460948415.09,17137730.228266146,1,
2803104,Itabi,2019,ok,partial,,,120477.05781911942,imputed_temporal,3194568.43,3194568.43,3127210.4611031213,new_observed,854331308.46,5655595.094879062,1,
2803104,Itabi,2020,ok,partial,,,115842.46937640269,imputed_temporal,3118550.87,3118550.87,3134137.3697324763,new_observed,849401061.42,5540589.487561836,1,
2803104,Itabi,2021,ok,ok,121691.26,121691.26,121691.26,new_observed,3811887.52,3811887.52,3850397.2859666147,new_observed,1035013278.3,5392295.890984361,1,
2803104,Itabi,2022,ok,ok,175326.52,175326.52,175326.52,new_observed,4093308.13,4093308.13,4129547.84209154,new_observed,1117955891.44,5470227.756929031,1,
2803104,Itabi,2023,ok,ok,266836.99,266836.99,266836.99,new_observed,4449104.47,4449104.47,4421390.863865238,new_observed,1239994874.78,5785819.1256093895,1,
2803104,Itabi,2024,ok,ok,357600.71,357600.71,357600.71,new_observed,4501701.47,4501701.47,4456041.848151779,new_observed,1345665247.36,5162448.12245241,1,
2803104,Itabi,2025,ok,ok,1185101.45,1185101.45,1185101.45,new_observed,4519267.73,4519267.73,4544486.055835788,new_observed,1460948415.09,5729587.505835788,1,
2803203,Itaporanga d'Ajuda,2019,ok,ok,2722871.13,2722871.13,2722871.13,new_observed,24463707.46,24463707.46,23947886.408643458,new_observed,854331308.46,46445048.86428153,1,
2803203,Itaporanga d'Ajuda,2020,ok,ok,12119495.46,12119495.46,12119495.46,new_observed,26239806.4,26239806.4,26370952.8050076,new_observed,849401061.42,65618798.75756955,1,
2803203,Itaporanga d'Ajuda,2021,api_error,api_error,,3141453.89,3141453.89,legacy_snapshot,,28707583.97,28997603.63462841,legacy_snapshot,1035013278.3,43630273.04769968,6,HTTP 429: Too Many Requests | HTTP 429: Too Many Requests | HTTP 429: Too Many Requests
2803203,Itaporanga d'Ajuda,2022,ok,ok,3425172.49,3425172.49,3425172.49,new_observed,20506857.38,20506857.38,20688412.880771324,new_observed,1117955891.44,30641266.833669845,2,
2803203,Itaporanga d'Ajuda,2023,ok,ok,5010610.8,5010610.8,5010610.8,new_observed,17202812.67,17202812.67,17095655.83024468,new_observed,1239994874.78,27281707.342709463,5,
2803203,Itaporanga d'Ajuda,2024,ok,ok,3769131.27,3769131.27,3769131.27,new_observed,17940706.92,17940706.92,17758738.85767601,new_observed,1345665247.36,23087819.957220037,1,
2803203,Itaporanga d'Ajuda,2025,ok,ok,3666595.2,3666595.2,3666595.2,new_observed,22363012.18,22363012.18,22487801.805558413,new_observed,1460948415.09,26154397.005558413,1,
2803302,Japaratuba,2019,ok,ok,5057058.31,5057058.31,5057058.31,new_observed,14119078.35,14119078.35,13821375.401639026,new_observed,854331308.46,32875323.280478932,1,
2803302,Japaratuba,2020,ok,ok,4988368.2,4988368.2,4988368.2,new_observed,11648225.82,11648225.82,11706443.587224446,new_observed,849401061.42,28461437.69017403,1,
2803302,Japaratuba,2021,ok,ok,3804403.68,3804403.68,3804403.68,new_observed,10312002.57,10312002.57,10416180.04206188,new_observed,1035013278.3,19305107.195995998,1,
2803302,Japaratuba,2022,ok,ok,5113297.44,5113297.44,5113297.44,new_observed,7124128.4,7124128.4,7187201.1895188205,new_observed,1117955891.44,15630311.913346976,1,
2803302,Japaratuba,2023,ok,ok,6073707.08,6073707.08,6073707.08,new_observed,6960612.96,6960612.96,6917255.091617565,new_observed,1239994874.78,16032360.144493425,1,
2803302,Japaratuba,2024,ok,ok,10828674.25,10828674.25,10828674.25,new_observed,6989586.52,6989586.52,6918692.907994532,new_observed,1345665247.36,19033374.65473139,1,
2803302,Japaratuba,2025,ok,ok,12020004.97,12020004.97,12020004.97,new_observed,9367731.68,9367731.68,9420005.305720437,new_observed,1460948415.09,21440010.27572044,1,
2803401,Japoatã,2019,ok,ok,382206.23,382206.23,382206.23,new_observed,4861528.96,4861528.96,4759022.870788145,new_observed,854331308.46,8953050.413457314,1,
2803401,Japoatã,2020,ok,ok,441767.45,441767.45,441767.45,new_observed,4485135.52,4485135.52,4507552.202137559,new_observed,849401061.42,8437636.475534419,1,
2803401,Japoatã,2021,ok,ok,445439.2,445439.2,445439.2,new_observed,5700326.46,5700326.46,5757914.265714661,new_observed,1035013278.3,8421342.328197412,3,
2803401,Japoatã,2022,ok,ok,568683.29,568683.29,568683.29,new_observed,6184970.74,6184970.74,6239728.786986363,new_observed,1117955891.44,8651487.033421041,2,
2803401,Japoatã,2023,ok,ok,2157870.01,2157870.01,2157870.01,new_observed,6621335.15,6621335.15,6580090.653344395,new_observed,1239994874.78,10783661.01236293,2,
2803401,Japoatã,2024,api_error,api_error,,1391673.72,1391673.72,legacy_snapshot,,6519631.18,6453504.2063984675,legacy_snapshot,1345665247.36,8413654.226954307,6,HTTP 429: Too Many Requests | HTTP 429: Too Many Requests | HTTP 429: Too Many Requests
2803401,Japoatã,2025,ok,ok,1091374.41,1091374.41,1091374.41,new_observed,6396219.67,6396219.67,6431911.724862023,new_observed,1460948415.09,7523286.134862023,4,
2803500,Lagarto,2019,ok,ok,7403197.23,7403197.23,7403197.23,new_observed,26303918.08,26303918.08,25749295.90341426,new_observed,854331308.46,57732487.02528229,1,
2803500,Lagarto,2020,ok,partial,,,8273519.152375769,imputed_temporal,25199735.33,25199735.33,25325683.465641446,new_observed,849401061.42,57280167.272326775,1,
2803500,Lagarto,2021,ok,ok,9966204.17,9966204.17,9966204.17,new_observed,33067696.65,33067696.65,33401764.550053492,new_observed,1035013278.3,58874044.93209107,1,
2803500,Lagarto,2022,ok,ok,13797878.56,13797878.56,13797878.56,new_observed,33432854.33,33432854.33,33728848.90867288,new_observed,1117955891.44,60392476.510934114,1,
2803500,Lagarto,2023,ok,ok,15106484.48,15106484.48,15106484.48,new_observed,34033006.19,34033006.19,33821013.56643016,new_observed,1239994874.78,60382230.29878122,1,
2803500,Lagarto,2024,ok,ok,20318653.76,20318653.76,20318653.76,new_observed,36398876.52,36398876.52,36029691.90198861,new_observed,1345665247.36,60431452.42959694,1,
2803500,Lagarto,2025,ok,ok,20264913.18,20264913.18,20264913.18,new_observed,40621413.48,40621413.48,40848088.2649986,new_observed,1460948415.09,61113001.4449986,1,
2803609,Laranjeiras,2019,ok,ok,4167563.13,4167563.13,4167563.13,new_observed,41175335.15,41175335.15,40307146.84690822,new_observed,854331308.46,77449246.61811143,1,
2803609,Laranjeiras,2020,ok,ok,5751656.43,5751656.43,5751656.43,new_observed,34480783.71,34480783.71,34653118.473316364,new_observed,849401061.42,68882356.86348116,1,
2803609,Laranjeiras,2021,ok,ok,9533272.41,9533272.41,9533272.41,new_observed,39300210.88,39300210.88,39697243.036769256,new_observed,1035013278.3,66832726.179837584,2,
2803609,Laranjeiras,2022,ok,ok,1411850.73,1411850.73,1411850.73,new_observed,42762294.49,42762294.49,43140886.37496793,new_observed,1117955891.44,56613410.441169836,1,
2803609,Laranjeiras,2023,ok,ok,1567154.31,1567154.31,1567154.31,new_observed,62112292.73,62112292.73,61725393.38240021,new_observed,1239994874.78,78110374.4019861,3,
2803609,Laranjeiras,2024,ok,ok,2867960.07,2867960.07,2867960.07,new_observed,87139267.84,87139267.84,86255436.23894423,new_observed,1345665247.36,95581444.69255042,1,
2803609,Laranjeiras,2025,ok,ok,5843420.44,5843420.44,5843420.44,new_observed,76553456.4,76553456.4,76980638.43981045,new_observed,1460948415.09,82824058.87981045,1,
2803708,Macambira,2019,ok,partial,,,198423.7587162958,imputed_temporal,3315042.32,3315042.32,3245144.140519651,new_observed,854331308.46,5996705.534732241,1,
2803708,Macambira,2020,ok,partial,,,190790.66677701857,imputed_temporal,3164858.95,3164858.95,3180676.89725622,new_observed,849401061.42,5747702.6528448155,1,
2803708,Macambira,2021,ok,ok,200423.53,200423.53,200423.53,new_observed,3831298.57,3831298.57,3870004.4369766116,new_observed,1035013278.3,5525796.252242029,1,
2803708,Macambira,2022,ok,ok,399053.52,399053.52,399053.52,new_observed,4182883.53,4182883.53,4219916.289329468,new_observed,1117955891.44,5869350.585910078,1,
2803708,Macambira,2023,ok,ok,491537.56,491537.56,491537.56,new_observed,4626080.96,4626080.96,4597264.961963217,new_observed,1239994874.78,6280174.913800254,1,
2803708,Macambira,2024,ok,ok,894504.63,894504.63,894504.63,new_observed,4997145.77,4997145.77,4946460.981659595,new_observed,1345665247.36,6264212.930425565,6,
2803708,Macambira,2025,ok,ok,662669.8,662669.8,662669.8,new_observed,6463323.41,6463323.41,6499389.915786647,new_observed,1460948415.09,7162059.715786647,1,
2803807,Malhada dos Bois,2019,ok,ok,524199.3,524199.3,524199.3,new_observed,3212626.9,3212626.9,3144888.1654731967,new_observed,854331308.46,6389430.310493274,3,
2803807,Malhada dos Bois,2020,ok,ok,410359.93,410359.93,410359.93,new_observed,3104597.19,3104597.19,3120113.949318209,new_observed,849401061.42,6018777.786395617,1,
2803807,Malhada dos Bois,2021,ok,ok,173570.64,173570.64,173570.64,new_observed,3826315.69,3826315.69,3864971.217206187,new_observed,1035013278.3,5482509.367595631,1,
2803807,Malhada dos Bois,2022,ok,ok,331734.78,331734.78,331734.78,new_observed,4123237.05,4123237.05,4159741.7349226987,new_observed,1117955891.44,5707344.148735592,1,
2803807,Malhada dos Bois,2023,ok,ok,420615.01,420615.01,420615.01,new_observed,4541902.9,4541902.9,4513611.249641668,new_observed,1239994874.78,6089409.805366398,1,
2803807,Malhada dos Bois,2024,ok,ok,399166.95,399166.95,399166.95,new_observed,5318330.5,5318330.5,5264388.016005418,new_observed,1345665247.36,6073946.776780762,1,
2803807,Malhada dos Bois,2025,ok,ok,103233.61,103233.61,103233.61,new_observed,5438355.63,5438355.63,5468702.63143517,new_observed,1460948415.09,5571936.24143517,1,
2803906,Malhador,2019,ok,ok,560682.48,560682.48,560682.48,new_observed,3440215.22,3440215.22,3367677.7505843495,new_observed,854331308.46,6840933.6555826375,1,
2803906,Malhador,2020,ok,ok,388606.76,388606.76,388606.76,new_observed,3258183.43,3258183.43,3274467.8124830904,new_observed,849401061.42,6244836.421514474,1,
2803906,Malhador,2021,ok,ok,420053.34,420053.34,420053.34,new_observed,3988599.36,3988599.36,4028894.36531752,new_observed,1035013278.3,6039654.492332056,1,
2803906,Malhador,2022,ok,ok,549418.1,549418.1,549418.1,new_observed,4204248.73,4204248.73,4241470.644084544,new_observed,1117955891.44,6087808.930971272,1,
2803906,Malhador,2023,ok,ok,520705.5,520705.5,520705.5,new_observed,4654698.91,4654698.91,4625704.649888224,new_observed,1239994874.78,6351269.435188481,1,
2803906,Malhador,2024,ok,ok,601201.49,601201.49,601201.49,new_observed,5402259.33,5402259.33,5347465.577065107,new_observed,1345665247.36,6379718.635206657,1,
2803906,Malhador,2025,ok,ok,969263.85,969263.85,969263.85,new_observed,4983470.98,4983470.98,5011279.643366539,new_observed,1460948415.09,5980543.493366539,1,
2804003,Maruim,2019,ok,ok,765434.24,765434.24,765434.24,new_observed,8099853.11,8099853.11,7929066.455774952,new_observed,854331308.46,15140796.397729037,1,
2804003,Maruim,2020,ok,ok,725619.94,725619.94,725619.94,new_observed,6884938.06,6884938.06,6919348.941753646,new_observed,849401061.42,13033199.070735088,1,
2804003,Maruim,2021,ok,ok,468686.35,468686.35,468686.35,new_observed,8637349.5,8637349.5,8724608.713728547,new_observed,1035013278.3,12480327.823277812,1,
2804003,Maruim,2022,ok,ok,1422203.64,1422203.64,1422203.64,new_observed,9467776.17,9467776.17,9551598.22093071,new_observed,1117955891.44,13944470.962338889,1,
2804003,Maruim,2023,ok,ok,1881330.48,1881330.48,1881330.48,new_observed,9560053.97,9560053.97,9500504.105046695,new_observed,1239994874.78,14046509.316391796,1,
2804003,Maruim,2024,ok,ok,2915438.22,2915438.22,2915438.22,new_observed,8398595.8,8398595.8,8313410.962480321,new_observed,1345665247.36,12042512.645902406,1,
2804003,Maruim,2025,ok,ok,2699265.06,2699265.06,2699265.06,new_observed,8388558.29,8388558.29,8435367.952292284,new_observed,1460948415.09,11134633.012292285,1,
2804102,Moita Bonita,2019,ok,ok,637983.74,637983.74,637983.74,new_observed,3555156.1,3555156.1,3480195.084371561,new_observed,854331308.46,7171487.965898815,1,
2804102,Moita Bonita,2020,ok,ok,815168.97,815168.97,815168.97,new_observed,3432255.25,3432255.25,3449409.6424617507,new_observed,849401061.42,7270284.924464429,1,
2804102,Moita Bonita,2021,ok,ok,662633.82,662633.82,662633.82,new_observed,4193053.15,4193053.15,4235413.658972226,new_observed,1035013278.3,6649328.429882952,1,
2804102,Moita Bonita,2022,ok,ok,890537.63,890537.63,890537.63,new_observed,4568247.07,4568247.07,4608691.608579075,new_observed,1117955891.44,6987901.130748792,1,
2804102,Moita Bonita,2023,ok,ok,1174085.36,1174085.36,1174085.36,new_observed,5260947.03,5260947.03,5228176.432036212,new_observed,1239994874.78,7901136.60814962,1,
2804102,Moita Bonita,2024,api_error,api_error,,899492.59,899492.59,legacy_snapshot,,5921529.48,5861468.900989662,legacy_snapshot,1345665247.36,7250873.435964852,6,HTTP 429: Too Many Requests | HTTP 429: Too Many Requests | HTTP 429: Too Many Requests
2804102,Moita Bonita,2025,ok,ok,1157755.81,1157755.81,1157755.81,new_observed,6952373.91,6952373.91,6991169.405436294,new_observed,1460948415.09,8148925.215436295,4,
2804201,Monte Alegre de Sergipe,2019,ok,ok,1059775.99,1059775.99,1059775.99,new_observed,4022884.3,4022884.3,3938061.16301209,new_observed,854331308.46,8703344.494472679,1,
2804201,Monte Alegre de Sergipe,2020,ok,ok,1434400.3,1434400.3,1434400.3,new_observed,3905421.09,3905421.09,3924940.3626724677,new_observed,849401061.42,9136643.304226654,1,
2804201,Monte Alegre de Sergipe,2021,ok,ok,683087.58,683087.58,683087.58,new_observed,4890163.05,4890163.05,4939566.14324607,new_observed,1035013278.3,7633015.280858881,1,
2804201,Monte Alegre de Sergipe,2022,ok,ok,894376.62,894376.62,894376.62,new_observed,5280122.14,5280122.14,5326869.196435687,new_observed,1117955891.44,7905371.605597964,1,
2804201,Monte Alegre de Sergipe,2023,ok,ok,1040369.39,1040369.39,1040369.39,new_observed,6111863.77,6111863.77,6073792.785959676,new_observed,1239994874.78,8779704.584199924,1,
2804201,Monte Alegre de Sergipe,2024,ok,ok,1999446.2,1999446.2,1999446.2,new_observed,6218174.37,6218174.37,6155104.9967391165,new_observed,1345665247.36,8745445.264471699,1,
2804201,Monte Alegre de Sergipe,2025,ok,ok,1450912.1,1450912.1,1450912.1,new_observed,7160777.3,7160777.3,7200735.7237928985,new_observed,1460948415.09,8651647.823792899,1,
2804300,Muribeca,2019,ok,ok,385465.65,385465.65,385465.65,new_observed,4360893.23,4360893.23,4268943.122501771,new_observed,854331308.46,8105290.693748347,1,
2804300,Muribeca,2020,ok,ok,555492.29,555492.29,555492.29,new_observed,3986699.01,3986699.01,4006624.509260119,new_observed,849401061.42,7777530.209522956,1,
2804300,Muribeca,2021,ok,ok,383327.85,383327.85,383327.85,new_observed,4603338.17,4603338.17,4649843.601931497,new_observed,1035013278.3,6832765.540040435,1,
2804300,Muribeca,2022,ok,ok,1744243.97,1744243.97,1744243.97,new_observed,4355640.39,4355640.39,4394202.635668978,new_observed,1117955891.44,7800158.188691689,1,
2804300,Muribeca,2023,ok,ok,1633527.81,1633527.81,1633527.81,new_observed,4533558.75,4533558.75,4505319.075604063,new_observed,1239994874.78,7576051.938395524,1,
2804300,Muribeca,2024,ok,ok,364200.28,364200.28,364200.28,new_observed,4637604.39,4637604.39,4590566.339134079,new_observed,1345665247.36,5313798.29747053,5,
2804300,Muribeca,2025,ok,ok,559811.21,559811.21,559811.21,new_observed,4299975.32,4299975.32,4323969.954791333,new_observed,1460948415.09,4883781.164791333,1,
2804409,Neópolis,2019,ok,ok,475624.72,475624.72,475624.72,new_observed,6369322.66,6369322.66,6235024.507674471,new_observed,854331308.46,11686073.439751519,1,
2804409,Neópolis,2020,ok,ok,828548.93,828548.93,828548.93,new_observed,6154974.67,6154974.67,6185737.198830371,new_observed,849401061.42,11958006.48375849,3,
2804409,Neópolis,2021,ok,ok,1061869.97,1061869.97,1061869.97,new_observed,7512069.43,7512069.43,7587960.450959154,new_observed,1035013278.3,11742549.164472127,4,
2804409,Neópolis,2022,ok,ok,1265741.4,1265741.4,1265741.4,new_observed,7378890.16,7378890.16,7444218.458398464,new_observed,1117955891.44,11067794.358579189,1,
2804409,Neópolis,2023,ok,ok,1555587.82,1555587.82,1555587.82,new_observed,8037046.03,8037046.03,7986983.027509439,new_observed,1239994874.78,11776643.6781615,1,
2804409,Neópolis,2024,ok,ok,2259880.22,2259880.22,2259880.22,new_observed,8134462.32,8134462.32,8051956.521704628,new_observed,1345665247.36,11059051.764468446,1,
2804409,Neópolis,2025,ok,ok,3491003.5,3491003.5,3491003.5,new_observed,8588702.86,8588702.86,8636629.364949562,new_observed,1460948415.09,12127632.864949562,1,
2804458,Nossa Senhora Aparecida,2019,ok,ok,636520.61,636520.61,636520.61,new_observed,3451758.5,3451758.5,3378977.6387421503,new_observed,854331308.46,6992677.73354562,1,
2804458,Nossa Senhora Aparecida,2020,ok,ok,406121.7,406121.7,406121.7,new_observed,3343191.49,3343191.49,3359900.7422895106,new_observed,849401061.42,6420342.705692757,1,
2804458,Nossa Senhora Aparecida,2021,ok,ok,231005.9,231005.9,231005.9,new_observed,4116034.49,4116034.49,4157616.9144783635,new_observed,1035013278.3,5957760.6329098195,1,
2804458,Nossa Senhora Aparecida,2022,ok,ok,279725.26,279725.26,279725.26,new_observed,5255633.31,5255633.31,5302163.556921115,new_observed,1117955891.44,7092937.115957659,1,
2804458,Nossa Senhora Aparecida,2023,ok,ok,331166.61,331166.61,331166.61,new_observed,6446980.69,6446980.69,6406822.252542343,new_observed,1239994874.78,8315462.909273768,5,
2804458,Nossa Senhora Aparecida,2024,ok,ok,448010.82,448010.82,448010.82,new_observed,6825859.32,6825859.32,6756626.351661841,new_observed,1345665247.36,7726698.688254319,1,
2804458,Nossa Senhora Aparecida,2025,ok,ok,742418.56,742418.56,742418.56,new_observed,6213571.25,6213571.25,6248244.09386499,new_observed,1460948415.09,6990662.653864991,1,
2804508,Nossa Senhora da Glória,2019,ok,partial,,,3404187.7342324113,imputed_temporal,11556604.14,11556604.14,11312931.356250722,new_observed,854331308.46,25628717.681099135,1,
2804508,Nossa Senhora da Glória,2020,ok,partial,,,3273233.265261242,imputed_temporal,11663564.87,11663564.87,11721859.30171019,new_observed,849401061.42,25563743.885980204,1,
2804508,Nossa Senhora da Glória,2021,ok,ok,3438496.11,3438496.11,3438496.11,new_observed,16126160.11,16126160.11,16289075.37140736,new_observed,1035013278.3,26781100.52363049,1,
2804508,Nossa Senhora da Glória,2022,ok,ok,4252519.29,4252519.29,4252519.29,new_observed,20810672.65,20810672.65,20994917.950210832,new_observed,1117955891.44,32082058.700459745,1,
2804508,Nossa Senhora da Glória,2023,ok,ok,5674618.71,5674618.71,5674618.71,new_observed,24791904.66,24791904.66,24637475.137000322,new_observed,1239994874.78,37408653.71392899,1,
2804508,Nossa Senhora da Glória,2024,ok,ok,7418480.79,7418480.79,7418480.79,new_observed,28008074.73,28008074.73,27723995.89683195,new_observed,1345665247.36,37688966.4320902,1,
2804508,Nossa Senhora da Glória,2025,ok,ok,9408651.76,9408651.76,9408651.76,new_observed,31389342.3,31389342.3,31564500.469240054,new_observed,1460948415.09,40973152.22924005,1,
2804607,Nossa Senhora das Dores,2019,ok,partial,,,1228566.2438296014,imputed_temporal,6514868.68,6514868.68,6377501.667356389,new_observed,854331308.46,13245375.399938677,1,
2804607,Nossa Senhora das Dores,2020,ok,ok,1171585.05,1171585.05,1171585.05,new_observed,6064253.31,6064253.31,6094562.413982639,new_observed,849401061.42,12387381.536820535,1,
2804607,Nossa Senhora das Dores,2021,ok,ok,1142766.94,1142766.94,1142766.94,new_observed,7461787.65,7461787.65,7537170.697003989,new_observed,1035013278.3,11783421.11772513,1,
2804607,Nossa Senhora das Dores,2022,ok,ok,2194851.58,2194851.58,2194851.58,new_observed,8281310.76,8281310.76,8354628.552883326,new_observed,1117955891.44,13405282.986245397,1,
2804607,Nossa Senhora das Dores,2023,ok,ok,1865389.67,1865389.67,1865389.67,new_observed,9470608.3,9470608.3,9411615.59482695,new_observed,1239994874.78,13917137.727647023,1,
2804607,Nossa Senhora das Dores,2024,ok,ok,1729185.62,1729185.62,1729185.62,new_observed,9248429.85,9248429.85,9154625.360196548,new_observed,1345665247.36,11672472.328609273,1,
2804607,Nossa Senhora das Dores,2025,ok,ok,3945660.75,3945660.75,3945660.75,new_observed,9929189.93,9929189.93,9984596.59362339,new_observed,1460948415.09,13930257.34362339,3,
2804706,Nossa Senhora de Lourdes,2019,ok,ok,348633.48,348633.48,348633.48,new_observed,3279870.31,3279870.31,3210713.737784461,new_observed,854331308.46,6198326.208598277,1,
2804706,Nossa Senhora de Lourdes,2020,ok,ok,110013.45,110013.45,110013.45,new_observed,3199141.81,3199141.81,3215131.102797946,new_observed,849401061.42,5668730.84323727,1,
2804706,Nossa Senhora de Lourdes,2021,ok,ok,153264.6,153264.6,153264.6,new_observed,3894201.15,3894201.15,3933542.493134233,new_observed,1035013278.3,5548031.681703273,1,
2804706,Nossa Senhora de Lourdes,2022,ok,ok,213414.21,213414.21,213414.21,new_observed,4186337.44,4186337.44,4223400.778191361,new_observed,1117955891.44,5637885.443181963,1,
2804706,Nossa Senhora de Lourdes,2023,ok,ok,160380.12,160380.12,160380.12,new_observed,4639740.85,4639740.85,4610839.764095791,new_observed,1239994874.78,5888240.955509402,1,
2804706,Nossa Senhora de Lourdes,2024,ok,ok,430460.08,430460.08,430460.08,new_observed,5598290.97,5598290.97,5541508.917616036,new_observed,1345665247.36,6404709.067331377,1,
2804706,Nossa Senhora de Lourdes,2025,ok,ok,494619.9,494619.9,494619.9,new_observed,5162627.72,5162627.72,5191436.110161878,new_observed,1460948415.09,5686056.010161879,1,
2804805,Nossa Senhora do Socorro,2019,ok,ok,18279440.0,18279440.0,18279440.0,new_observed,50562563.04,50562563.04,49496443.586551696,new_observed,854331308.46,118026427.27475217,1,
2804805,Nossa Senhora do Socorro,2020,ok,ok,16431594.68,16431594.68,16431594.68,new_observed,49346206.78,49346206.78,49592838.84432647,new_observed,849401061.42,112558938.95249888,1,
2804805,Nossa Senhora do Socorro,2021,ok,ok,19771496.15,19771496.15,19771496.15,new_observed,63360618.05,63360618.05,64000721.5577251,new_observed,1035013278.3,113724701.7775344,1,
2804805,Nossa Senhora do Socorro,2022,ok,ok,27221189.4,27221189.4,27221189.4,new_observed,65948255.47,65948255.47,66532122.04326287,new_observed,1117955891.44,119132853.46422459,1,
2804805,Nossa Senhora do Socorro,2023,ok,ok,29356532.18,29356532.18,29356532.18,new_observed,69586468.62,69586468.62,69153012.40501396,new_observed,1239994874.78,121572249.66042103,1,
2804805,Nossa Senhora do Socorro,2024,ok,ok,66407508.73,66407508.73,66407508.73,new_observed,80811875.67,80811875.67,79992221.21078557,new_observed,1345665247.36,157008128.840072,6,
2804805,Nossa Senhora do Socorro,2025,ok,ok,50997037.69,50997037.69,50997037.69,new_observed,92101660.07,92101660.07,92615603.87957866,new_observed,1460948415.09,143612641.56957865,1,
2804904,Pacatuba,2019,ok,ok,388043.86,388043.86,388043.86,new_observed,6247627.03,6247627.03,6115894.848834596,new_observed,854331308.46,11326103.156403981,1,
2804904,Pacatuba,2020,ok,ok,362374.46,362374.46,362374.46,new_observed,5795860.45,5795860.45,5824828.127975827,new_observed,849401061.42,10547988.391753772,1,
2804904,Pacatuba,2021,ok,ok,603819.54,603819.54,603819.54,new_observed,7177220.14,7177220.14,7249728.330871874,new_observed,1035013278.3,10661558.377582885,1,
2804904,Pacatuba,2022,ok,ok,1914191.27,1914191.27,1914191.27,new_observed,7137301.56,7137301.56,7200490.976831148,new_observed,1117955891.44,11582077.34498891,1,
2804904,Pacatuba,2023,ok,ok,1956504.51,1956504.51,1956504.51,new_observed,6670258.48,6670258.48,6628709.23844403,new_observed,1239994874.78,10595153.53167815,1,
2804904,Pacatuba,2024,ok,ok,1981195.98,1981195.98,1981195.98,new_observed,6588929.15,6588929.15,6522099.304578528,new_observed,1345665247.36,9119460.002735566,1,
2804904,Pacatuba,2025,ok,ok,1748804.98,1748804.98,1748804.98,new_observed,5265867.05,5265867.05,5295251.534170588,new_observed,1460948415.09,7044056.514170587,1,
2805000,Pedra Mole,2019,ok,ok,48792.84,48792.84,48792.84,new_observed,3010810.64,3010810.64,2947327.232495246,new_observed,854331308.46,5217509.962687554,1,
2805000,Pedra Mole,2020,ok,ok,29611.16,29611.16,29611.16,new_observed,2916941.01,2916941.01,2931519.864784566,new_observed,849401061.42,5048157.908485086,1,
2805000,Pedra Mole,2021,ok,ok,22186.1,22186.1,22186.1,new_observed,3535402.18,3535402.18,3571118.7403222364,new_observed,1035013278.3,4878079.302939756,1,
2805000,Pedra Mole,2022,ok,ok,110787.67,110787.67,110787.67,new_observed,3852142.25,3852142.25,3886246.823035321,new_observed,1117955891.44,5079053.925880784,1,
2805000,Pedra Mole,2023,ok,ok,85808.16,85808.16,85808.16,new_observed,4339380.27,4339380.27,4312350.139221403,new_observed,1239994874.78,5427839.515972537,1,
2805000,Pedra Mole,2024,ok,ok,365633.7,365633.7,365633.7,new_observed,5204701.08,5204701.08,5151911.110534116,new_observed,1345665247.36,5917356.4517065985,1,
2805000,Pedra Mole,2025,ok,ok,156302.87,156302.87,156302.87,new_observed,5953565.53,5953565.53,5986787.495236447,new_observed,1460948415.09,6143090.365236447,1,
2805109,Pedrinhas,2019,ok,ok,67489.74,67489.74,67489.74,new_observed,3532881.91,3532881.91,3458390.549109,new_observed,854331308.46,6140046.156544372,1,
2805109,Pedrinhas,2020,ok,ok,75701.06,75701.06,75701.06,new_observed,3437741.34,3437741.34,3454923.1519087576,new_observed,849401061.42,6019034.074499563,1,
2805109,Pedrinhas,2021,ok,ok,95636.18,95636.18,95636.18,new_observed,4118956.92,4118956.92,4160568.8684595306,new_observed,1035013278.3,5777997.32518554,2,
2805109,Pedrinhas,2022,ok,ok,283648.08,283648.08,283648.08,new_observed,4313966.55,4313966.55,4352159.84031175,new_observed,1117955891.44,5890746.8670374965,5,
2805109,Pedrinhas,2023,ok,ok,246283.95,246283.95,246283.95,new_observed,4848443.33,4848443.33,4818242.230043734,new_observed,1239994874.78,6250215.0808408195,1,
2805109,Pedrinhas,2024,ok,ok,360312.63,360312.63,360312.63,new_observed,5063741.97,5063741.97,5012381.713210878,new_observed,1345665247.36,5762009.847957874,1,
2805109,Pedrinhas,2025,ok,ok,314695.17,314695.17,314695.17,new_observed,5089937.87,5089937.87,5118340.63773989,new_observed,1460948415.09,5433035.80773989,1,
2805208,Pinhão,2019,ok,ok,168149.01,168149.01,168149.01,new_observed,3289235.5,3289235.5,3219881.46130642,new_observed,854331308.46,5899991.425646812,1,
2805208,Pinhão,2020,ok,ok,200664.18,200664.18,200664.18,new_observed,3126184.35,3126184.35,3141809.0018226416,new_observed,849401061.42,5698272.817206687,1,
2805208,Pinhão,2021,ok,ok,151965.48,151965.48,151965.48,new_observed,3837923.44,3837923.44,3876696.235025228,new_observed,1035013278.3,5469096.612701527,1,
2805208,Pinhão,2022,ok,ok,131191.98,131191.98,131191.98,new_observed,4268367.59,4268367.59,4306157.174279956,new_observed,1117955891.44,5638564.210996972,1,
2805208,Pinhão,2023,ok,ok,373708.8,373708.8,373708.8,new_observed,4723038.22,4723038.22,4693618.272261954,new_observed,1239994874.78,6253671.708007859,1,
2805208,Pinhão,2024,ok,ok,229444.18,229444.18,229444.18,new_observed,6982675.86,6982675.86,6911852.341074767,new_observed,1345665247.36,7658768.2553757075,1,
2805208,Pinhão,2025,ok,ok,241725.48,241725.48,241725.48,new_observed,7120377.89,7120377.89,7160110.877827202,new_observed,1460948415.09,7401836.357827202,1,
2805307,Pirambu,2019,ok,ok,1672363.59,1672363.59,1672363.59,new_observed,5289362.02,5289362.02,5177835.004619242,new_observed,854331308.46,11929087.803229516,1,
2805307,Pirambu,2020,ok,ok,1204613.77,1204613.77,1204613.77,new_observed,4302844.52,4302844.52,4324350.112743422,new_observed,849401061.42,9425818.214994472,5,
2805307,Pirambu,2021,ok,ok,1360171.1,1360171.1,1360171.1,new_observed,5342199.38,5342199.38,5396169.1907017585,new_observed,1035013278.3,9172047.794512935,1,
2805307,Pirambu,2022,ok,ok,722942.5,722942.5,722942.5,new_observed,5190472.94,5190472.94,5236426.295816517,new_observed,1117955891.44,7572603.021290927,1,
2805307,Pirambu,2023,ok,ok,697751.65,697751.65,697751.65,new_observed,4741807.73,4741807.73,4712270.866417206,new_observed,1239994874.78,6676597.79369671,1,
2805307,Pirambu,2024,ok,ok,1006143.66,1006143.66,1006143.66,new_observed,5145803.23,5145803.23,5093610.646561732,new_observed,1345665247.36,6541753.939333049,1,
2805307,Pirambu,2025,ok,ok,756397.96,756397.96,756397.96,new_observed,5508003.34,5508003.34,5538738.988169427,new_observed,1460948415.09,6295136.948169427,1,
2805406,Poço Redondo,2019,ok,ok,1990290.81,1990290.81,1990290.81,new_observed,5475967.11,5475967.11,5360505.497466719,new_observed,854331308.46,12800839.766062262,6,
2805406,Poço Redondo,2020,ok,ok,1467615.6,1467615.6,1467615.6,new_observed,5762073.26,5762073.26,5790872.069789977,new_observed,849401061.42,12374323.063450933,1,
2805406,Poço Redondo,2021,ok,ok,1026588.21,1026588.21,1026588.21,new_observed,6922494.1,6922494.1,6992428.909539256,new_observed,1035013278.3,10886190.618115244,1,
2805406,Poço Redondo,2022,ok,ok,1798638.18,1798638.18,1798638.18,new_observed,6994895.45,6994895.45,7056824.087954364,new_observed,1117955891.44,11252685.078378508,1,
2805406,Poço Redondo,2023,ok,ok,1764560.98,1764560.98,1764560.98,new_observed,8781456.44,8781456.44,8726756.48257964,new_observed,1239994874.78,12947507.484685892,1,
2805406,Poço Redondo,2024,ok,ok,2380921.05,2380921.05,2380921.05,new_observed,9814678.18,9814678.18,9715130.37629795,new_observed,1345665247.36,12972553.990123397,1,
2805406,Poço Redondo,2025,ok,ok,2031863.07,2031863.07,2031863.07,new_observed,9942261.72,9942261.72,9997741.326559985,new_observed,1460948415.09,12029604.396559985,1,
2805505,Poço Verde,2019,ok,ok,812508.91,812508.91,812508.91,new_observed,5078117.29,5078117.29,4971044.40238791,new_observed,854331308.46,10071608.045396987,1,
2805505,Poço Verde,2020,ok,ok,987710.37,987710.37,987710.37,new_observed,5780533.34,5780533.34,5809424.413166134,new_observed,849401061.42,11587805.275578976,1,
2805505,Poço Verde,2021,ok,ok,1083944.36,1083944.36,1083944.36,new_observed,7226796.35,7226796.35,7299805.386774223,new_observed,1035013278.3,11381332.210349923,1,
2805505,Poço Verde,2022,ok,ok,1287409.21,1287409.21,1287409.21,new_observed,7354603.84,7354603.84,7419717.12178681,new_observed,1117955891.44,11064193.780579153,1,
2805505,Poço Verde,2023,ok,ok,3353393.21,3353393.21,3353393.21,new_observed,7911775.49,7911775.49,7862492.801487063,new_observed,1239994874.78,13841709.451560713,1,
2805505,Poço Verde,2024,ok,ok,2095199.51,2095199.51,2095199.51,new_observed,9615920.54,9615920.54,9518388.684877021,new_observed,1345665247.36,12455130.56843967,1,
2805505,Poço Verde,2025,api_error,api_error,,2734392.8,2734392.8,legacy_snapshot,,12280988.49,12349518.6120971,legacy_snapshot,1460948415.09,15083911.4120971,6,HTTP 429: Too Many Requests | HTTP 429: Too Many Requests | HTTP 429: Too Many Requests
2805604,Porto da Folha,2019,ok,ok,473874.59,473874.59,473874.59,new_observed,4623769.71,4623769.71,4526276.811307418,new_observed,854331308.46,8707374.57779539,1,
2805604,Porto da Folha,2020,ok,ok,568253.51,568253.51,568253.51,new_observed,4726501.09,4726501.09,4750124.115900755,new_observed,849401061.42,9066809.218431773,1,
2805604,Porto da Folha,2021,ok,ok,628917.19,628917.19,628917.19,new_observed,5957202.72,5957202.72,6017385.629742017,new_observed,1035013278.3,9022666.783580275,1,
2805604,Porto da Folha,2022,ok,ok,1090026.09,1090026.09,1090026.09,new_observed,6431063.66,6431063.66,6488000.467120056,new_observed,1117955891.44,9629440.427005427,1,
2805604,Porto da Folha,2023,ok,ok,1298541.27,1298541.27,1298541.27,new_observed,7366891.22,7366891.22,7321002.632063849,new_observed,1239994874.78,10637520.9390632,1,
2805604,Porto da Folha,2024,ok,ok,1568592.79,1568592.79,1568592.79,new_observed,7700751.08,7700751.08,7622644.305349731,new_observed,1345665247.36,9857251.366857106,1,
2805604,Porto da Folha,2025,api_error,api_error,,2051193.04,2051193.04,legacy_snapshot,,8123872.21,8169204.876414095,legacy_snapshot,1460948415.09,10220397.916414095,6,HTTP 429: Too Many Requests | HTTP 429: Too Many Requests | HTTP 429: Too Many Requests
2805703,Propriá,2019,ok,ok,2423727.87,2423727.87,2423727.87,new_observed,10796419.76,10796419.76,10568775.581349012,new_observed,854331308.46,22625433.74678902,4,
2805703,Propriá,2020,ok,ok,3088331.46,3088331.46,3088331.46,new_observed,11234529.46,11234529.46,11290679.57514075,new_observed,849401061.42,24513443.567908686,1,
2805703,Propriá,2021,ok,ok,3009625.26,3009625.26,3009625.26,new_observed,13426192.58,13426192.58,13561831.297398066,new_observed,1035013278.3,22496526.97013026,1,
2805703,Propriá,2022,ok,ok,3680177.6,3680177.6,3680177.6,new_observed,14401790.51,14401790.51,14529295.385056907,new_observed,1117955891.44,23138878.439535163,1,
2805703,Propriá,2023,ok,ok,3499802.11,3499802.11,3499802.11,new_observed,15022555.35,15022555.35,14928979.398948535,new_observed,1239994874.78,22743262.452195656,1,
2805703,Propriá,2024,ok,ok,4126443.68,4126443.68,4126443.68,new_observed,16679808.12,16679808.12,16510629.035972446,new_observed,1345665247.36,22132473.695012268,1,
2805703,Propriá,2025,ok,ok,4429897.26,4429897.26,4429897.26,new_observed,16667146.29,16667146.29,16760151.960609816,new_observed,1460948415.09,21190049.220609814,1,
2805802,Riachão do Dantas,2019,ok,ok,171649.29,171649.29,171649.29,new_observed,3606090.15,3606090.15,3530055.182058167,new_observed,854331308.46,6446230.289363413,2,
2805802,Riachão do Dantas,2020,ok,ok,209509.74,209509.74,209509.74,new_observed,3362894.16,3362894.16,3379701.8861235073,new_observed,849401061.42,6118914.328338517,1,
2805802,Riachão do Dantas,2021,ok,ok,653047.85,653047.85,653047.85,new_observed,4103172.88,4103172.88,4144625.369481998,new_observed,1035013278.3,6513065.680262389,1,
2805802,Riachão do Dantas,2022,ok,ok,741232.97,741232.97,741232.97,new_observed,4446882.25,4446882.25,4486252.2967511555,new_observed,1117955891.44,6642594.556749498,1,
2805802,Riachão do Dantas,2023,ok,ok,820171.49,820171.49,820171.49,new_observed,4938020.12,4938020.12,4907261.043513039,new_observed,1239994874.78,7068318.717853367,1,
2805802,Riachão do Dantas,2024,ok,ok,875592.39,875592.39,875592.39,new_observed,5310105.29,5310105.29,5256246.232234528,new_observed,1345665247.36,6576163.144670637,1,
2805802,Riachão do Dantas,2025,ok,ok,641386.88,641386.88,641386.88,new_observed,6076703.9,6076703.9,6110612.999463288,new_observed,1460948415.09,6751999.879463288,1,
2805901,Riachuelo,2019,ok,ok,709092.3,709092.3,709092.3,new_observed,8206293.43,8206293.43,8033262.465183072,new_observed,854331308.46,15224130.53583121,1,
2805901,Riachuelo,2020,ok,ok,824636.94,824636.94,824636.94,new_observed,7716158.22,7716158.22,7754723.535444661,new_observed,849401061.42,14626156.718955487,1,
2805901,Riachuelo,2021,ok,ok,1152799.37,1152799.37,1152799.37,new_observed,9600511.77,9600511.77,9697501.374095775,new_observed,1035013278.3,14729790.497178905,1,
2805901,Riachuelo,2022,ok,ok,1659632.51,1659632.51,1659632.51,new_observed,9597541.44,9597541.44,9682512.35533938,new_observed,1117955891.44,14412526.463454137,1,
2805901,Riachuelo,2023,ok,ok,1172901.43,1172901.43,1172901.43,new_observed,10262983.55,10262983.55,10199055.11545995,new_observed,1239994874.78,14034318.66522338,1,
2805901,Riachuelo,2024,ok,ok,1692566.56,1692566.56,1692566.56,new_observed,10311175.17,10311175.17,10206591.52263678,new_observed,1345665247.36,12761393.385648174,1,
2805901,Riachuelo,2025,ok,ok,3558762.11,3558762.11,3558762.11,new_observed,8669756.88,8669756.88,8718135.680942802,new_observed,1460948415.09,12276897.790942801,1,
2806008,Ribeirópolis,2019,ok,ok,933538.95,933538.95,933538.95,new_observed,7219501.22,7219501.22,7067276.921387075,new_observed,854331308.46,13932798.255253172,1,
2806008,Ribeirópolis,2020,ok,ok,954196.36,954196.36,954196.36,new_observed,7013542.25,7013542.25,7048595.894772944,new_observed,849401061.42,13643218.983811915,1,
2806008,Ribeirópolis,2021,ok,ok,743251.42,743251.42,743251.42,new_observed,8749026.55,8749026.55,8837413.98617393,new_observed,1035013278.3,13006201.172193585,3,
2806008,Ribeirópolis,2022,ok,ok,842047.47,842047.47,842047.47,new_observed,7881168.81,7881168.81,7950943.984394023,new_observed,1117955891.44,11173303.068686202,4,
2806008,Ribeirópolis,2023,ok,ok,1054671.57,1054671.57,1054671.57,new_observed,7208655.03,7208655.03,7163752.100071094,new_observed,1239994874.78,10142491.861494126,1,
2806008,Ribeirópolis,2024,ok,ok,1316288.99,1316288.99,1316288.99,new_observed,7630735.11,7630735.11,7553338.489662458,new_observed,1345665247.36,9512337.315468779,1,
2806008,Ribeirópolis,2025,ok,ok,1500535.43,1500535.43,1500535.43,new_observed,8365017.84,8365017.84,8411696.142352158,new_observed,1460948415.09,9912231.572352158,1,
2806107,Rosário do Catete,2019,ok,ok,5961305.27,5961305.27,5961305.27,new_observed,20665989.75,20665989.75,20230244.163293716,new_observed,854331308.46,45610545.23847036,1,
2806107,Rosário do Catete,2020,ok,ok,6132070.29,6132070.29,6132070.29,new_observed,21237155.89,21237155.89,21343299.07585672,new_observed,849401061.42,46840211.38946035,1,
2806107,Rosário do Catete,2021,ok,ok,6685546.61,6685546.61,6685546.61,new_observed,25381028.31,25381028.31,25637441.29571426,new_observed,1035013278.3,43879967.13852339,1,
2806107,Rosário do Catete,2022,ok,ok,10184061.36,10184061.36,10184061.36,new_observed,23727158.75,23727158.75,23937224.880997635,new_observed,1117955891.44,43358107.90235018,1,
2806107,Rosário do Catete,2023,ok,ok,10774727.04,10774727.04,10774727.04,new_observed,29079810.61,29079810.61,28898671.591315858,new_observed,1239994874.78,48961593.961297005,1,
2806107,Rosário do Catete,2024,ok,ok,12472798.74,12472798.74,12472798.74,new_observed,33071389.78,33071389.78,32735955.020184636,new_observed,1345665247.36,48484664.81426675,1,
2806107,Rosário do Catete,2025,ok,ok,13950902.23,13950902.23,13950902.23,new_observed,40854887.45,40854887.45,41082865.06169563,new_observed,1460948415.09,55033767.291695625,1,
2806206,Salgado,2019,ok,ok,522377.06,522377.06,522377.06,new_observed,4900043.92,4900043.92,4796725.73690611,new_observed,854331308.46,9262803.613976622,1,
2806206,Salgado,2020,ok,ok,1056415.0,1056415.0,1056415.0,new_observed,3858060.84,3858060.84,3877343.406408973,new_observed,849401061.42,8411107.549582431,1,
2806206,Salgado,2021,ok,ok,1380927.69,1380927.69,1380927.69,new_observed,5019736.83,5019736.83,5070448.948215203,new_observed,1035013278.3,8758045.379618969,1,
2806206,Salgado,2022,ok,ok,1214497.54,1214497.54,1214497.54,new_observed,5857858.27,5857858.27,5909720.258014532,new_observed,1117955891.44,9052783.116804518,3,
2806206,Salgado,2023,ok,ok,900794.73,900794.73,900794.73,new_observed,6634716.12,6634716.12,6593388.272878074,new_observed,1239994874.78,9248694.53883739,1,
2806206,Salgado,2024,ok,ok,1050639.45,1050639.45,1050639.45,new_observed,6529580.87,6529580.87,6463352.97920395,new_observed,1345665247.36,8058470.407732017,1,
2806206,Salgado,2025,ok,ok,1149170.1,1149170.1,1149170.1,new_observed,6615977.08,6615977.08,6652895.420690017,new_observed,1460948415.09,7802065.520690016,1,
2806305,Santa Luzia do Itanhy,2019,ok,ok,309003.33,309003.33,309003.33,new_observed,3320841.46,3320841.46,3250821.004756803,new_observed,854331308.46,6199157.070678677,3,
2806305,Santa Luzia do Itanhy,2020,ok,ok,253204.97,253204.97,253204.97,new_observed,3206763.89,3206763.89,3222791.2779109753,new_observed,849401061.42,5925903.920456513,1,
2806305,Santa Luzia do Itanhy,2021,ok,ok,186121.06,186121.06,186121.06,new_observed,3855274.02,3855274.02,3894222.1000439175,new_observed,1035013278.3,5539256.590352931,1,
2806305,Santa Luzia do Itanhy,2022,ok,ok,551970.13,551970.13,551970.13,new_observed,4104572.61,4104572.61,4140912.051088013,new_observed,1117955891.44,5963271.447139954,1,
2806305,Santa Luzia do Itanhy,2023,ok,ok,1067393.05,1067393.05,1067393.05,new_observed,4595190.32,4595190.32,4566566.74069287,new_observed,1239994874.78,6952962.468116865,1,
2806305,Santa Luzia do Itanhy,2024,ok,ok,828125.16,828125.16,828125.16,new_observed,4951614.38,4951614.38,4901391.4050569255,new_observed,1345665247.36,6144688.076963249,1,
2806305,Santa Luzia do Itanhy,2025,ok,ok,758350.36,758350.36,758350.36,new_observed,4276628.67,4276628.67,4300493.026290025,new_observed,1460948415.09,5058843.386290025,1,
2806404,Santana do São Francisco,2019,ok,ok,65182.99,65182.99,65182.99,new_observed,3129285.54,3129285.54,3063304.070924763,new_observed,854331308.46,5448016.772879171,1,
2806404,Santana do São Francisco,2020,ok,ok,62767.56,62767.56,62767.56,new_observed,3004974.06,3004974.06,3019992.9034740166,new_observed,849401061.42,5255512.668435101,1,
2806404,Santana do São Francisco,2021,ok,ok,147424.75,147424.75,147424.75,new_observed,3669741.11,3669741.11,3706814.8354346277,new_observed,1035013278.3,5232310.417780675,1,
2806404,Santana do São Francisco,2022,ok,ok,187490.72,187490.72,187490.72,new_observed,4005567.46,4005567.46,4041030.368460214,new_observed,1117955891.44,5373205.228135055,1,
2806404,Santana do São Francisco,2023,ok,ok,273322.08,273322.08,273322.08,new_observed,4445132.45,4445132.45,4417443.585697798,new_observed,1239994874.78,5788951.080944264,1,
2806404,Santana do São Francisco,2024,ok,ok,342272.01,342272.01,342272.01,new_observed,4603289.1,4603289.1,4556599.100459884,new_observed,1345665247.36,5253852.495445832,1,
2806404,Santana do São Francisco,2025,ok,ok,533795.52,533795.52,533795.52,new_observed,4877648.99,4877648.99,4904867.147651045,new_observed,1460948415.09,5438662.667651044,1,
2806503,Santa Rosa de Lima,2019,ok,ok,89157.28,89157.28,89157.28,new_observed,3536592.16,3536592.16,3462022.5679145283,new_observed,854331308.46,6184103.369514982,1,
2806503,Santa Rosa de Lima,2020,ok,ok,55678.1,55678.1,55678.1,new_observed,3017114.71,3017114.71,3032194.2323745266,new_observed,849401061.42,5264227.420062523,1,
2806503,Santa Rosa de Lima,2021,ok,ok,142110.05,142110.05,142110.05,new_observed,3703449.31,3703449.31,3740863.5740487254,new_observed,1035013278.3,5271318.218477243,1,
2806503,Santa Rosa de Lima,2022,ok,ok,149780.62,149780.62,149780.62,new_observed,4026334.65,4026334.65,4061981.418790942,new_observed,1117955891.44,5351909.410657106,1,
2806503,Santa Rosa de Lima,2023,ok,ok,456900.66,456900.66,456900.66,new_observed,4474459.49,4474459.49,4446587.946679776,new_observed,1239994874.78,6051475.962147444,1,
2806503,Santa Rosa de Lima,2024,ok,ok,370114.23,370114.23,370114.23,new_observed,4456378.38,4456378.38,4411178.45881478,new_observed,1345665247.36,5127754.120934255,1,
2806503,Santa Rosa de Lima,2025,ok,ok,757602.28,757602.28,757602.28,new_observed,5372955.77,5372955.77,5402937.828467054,new_observed,1460948415.09,6160540.108467055,1,
2806602,Santo Amaro das Brotas,2019,ok,partial,,,422799.5640785804,imputed_temporal,4820865.65,4820865.65,4719216.9529618425,new_observed,854331308.46,8954421.637587735,1,
2806602,Santo Amaro das Brotas,2020,ok,ok,403190.02,403190.02,403190.02,new_observed,4268482.74,4268482.74,4289816.592759981,new_observed,849401061.42,8000672.124429454,1,
2806602,Santo Amaro das Brotas,2021,ok,ok,463181.7,463181.7,463181.7,new_observed,5496353.83,5496353.83,5551880.993000604,new_observed,1035013278.3,8165728.801895924,1,
2806602,Santo Amaro das Brotas,2022,ok,ok,691778.12,691778.12,691778.12,new_observed,5595945.61,5595945.61,5645488.779325569,new_observed,1117955891.44,8052800.239892611,1,
2806602,Santo Amaro das Brotas,2023,ok,ok,1673788.75,1673788.75,1673788.75,new_observed,6269457.44,6269457.44,6230404.80022892,new_observed,1239994874.78,9754695.300854169,5,
2806602,Santo Amaro das Brotas,2024,ok,ok,2660618.58,2660618.58,2660618.58,new_observed,6865484.88,6865484.88,6795849.999607659,new_observed,1345665247.36,10141702.021715935,1,
2806602,Santo Amaro das Brotas,2025,ok,ok,1249999.99,1249999.99,1249999.99,new_observed,7450851.48,7450851.48,7492428.5698301485,new_observed,1460948415.09,8742428.559830148,1,
2806701,São Cristóvão,2019,ok,ok,6760974.98,6760974.98,6760974.98,new_observed,14274814.83,14274814.83,13973828.153897451,new_observed,854331308.46,36108046.175658315,1,
2806701,São Cristóvão,2020,ok,ok,6319578.86,6319578.86,6319578.86,new_observed,14293856.47,14293856.47,14365297.084353587,new_observed,849401061.42,35263728.35599818,1,
2806701,São Cristóvão,2021,ok,ok,8030528.83,8030528.83,8030528.83,new_observed,18457886.14,18457886.14,18644357.769018535,new_observed,1035013278.3,36212405.57349107,1,
2806701,São Cristóvão,2022,ok,ok,11125939.95,11125939.95,11125939.95,new_observed,20041687.57,20041687.57,20219124.73434204,new_observed,1117955891.44,39830347.75391609,1,
2806701,São Cristóvão,2023,ok,ok,13273454.23,13273454.23,13273454.23,new_observed,21169514.31,21169514.31,21037648.765909605,new_observed,1239994874.78,42343896.69666293,1,
2806701,São Cristóvão,2024,ok,ok,15400836.91,15400836.91,15400836.91,new_observed,20633398.91,20633398.91,20424119.552416548,new_observed,1345665247.36,38420899.971715376,1,
2806701,São Cristóvão,2025,ok,ok,17968126.93,17968126.93,17968126.93,new_observed,22821603.51,22821603.51,22948952.157567367,new_observed,1460948415.09,40917079.08756737,1,
2806800,São Domingos,2019,ok,ok,167699.7,167699.7,167699.7,new_observed,3742298.58,3742298.58,3663391.6362678623,new_observed,854331308.46,6671547.445125053,1,
2806800,São Domingos,2020,ok,ok,157636.82,157636.82,157636.82,new_observed,3505035.09,3505035.09,3522553.2356932927,new_observed,849401061.42,6274015.022934656,1,
2806800,São Domingos,2021,ok,ok,161150.08,161150.08,161150.08,new_observed,4213410.08,4213410.08,4255976.245777676,new_observed,1035013278.3,5996455.481999722,5,
2806800,São Domingos,2022,ok,ok,356264.4,356264.4,356264.4,new_observed,4440410.63,4440410.63,4479723.380882357,new_observed,1117955891.44,6145116.52746575,1,
2806800,São Domingos,2023,ok,ok,324558.8,324558.8,324558.8,new_observed,5088790.07,5088790.07,5057091.842940282,new_observed,1239994874.78,6641583.597862175,1,
2806800,São Domingos,2024,ok,ok,280791.39,280791.39,280791.39,new_observed,5793747.93,5793747.93,5734983.407001163,new_observed,1345665247.36,6451689.117066334,1,
2806800,São Domingos,2025,ok,ok,660032.08,660032.08,660032.08,new_observed,5175158.86,5175158.86,5204037.176174342,new_observed,1460948415.09,5864069.256174342,1,
2806909,São Francisco,2019,ok,ok,333089.39,333089.39,333089.39,new_observed,3043102.46,3043102.46,2978938.1744815656,new_observed,854331308.46,5767638.277589685,1,
2806909,São Francisco,2020,ok,ok,275078.62,275078.62,275078.62,new_observed,2953566.77,2953566.77,2968328.680127333,new_observed,849401061.42,5529384.574857599,1,
2806909,São Francisco,2021,ok,ok,275105.43,275105.43,275105.43,new_observed,3590678.98,3590678.98,3626953.9766927254,new_observed,1035013278.3,5297228.060651322,1,
2806909,São Francisco,2022,ok,ok,183328.05,183328.05,183328.05,new_observed,3884179.07,3884179.07,3918567.277957554,new_observed,1117955891.44,5212301.171109947,1,
2806909,São Francisco,2023,ok,ok,172720.82,172720.82,172720.82,new_observed,4222320.67,4222320.67,4196019.707005745,new_observed,1239994874.78,5391534.559297308,1,
2806909,São Francisco,2024,ok,ok,211916.17,211916.17,211916.17,new_observed,4754581.53,4754581.53,4706357.009526337,new_observed,1345665247.36,5274660.474811516,1,
2806909,São Francisco,2025,ok,ok,185447.47,185447.47,185447.47,new_observed,6115477.33,6115477.33,6149602.792168472,new_observed,1460948415.09,6335050.262168472,1,
2807006,São Miguel do Aleixo,2019,ok,ok,132242.12,132242.12,132242.12,new_observed,2684697.9,2684697.9,2628090.6300014933,new_observed,854331308.46,4806904.688392918,1,
2807006,São Miguel do Aleixo,2020,ok,ok,157963.61,157963.61,157963.61,new_observed,2973970.47,2973970.47,2988834.357705333,new_observed,849401061.42,5364684.275742983,1,
2807006,São Miguel do Aleixo,2021,ok,ok,213283.58,213283.58,213283.58,new_observed,3662651.38,3662651.38,3699653.48111685,new_observed,1035013278.3,5311994.985047888,1,
2807006,São Miguel do Aleixo,2022,ok,ok,114049.14,114049.14,114049.14,new_observed,4086144.35,4086144.35,4122320.638250373,new_observed,1117955891.44,5383178.601835279,1,
2807006,São Miguel do Aleixo,2023,ok,ok,152398.09,152398.09,152398.09,new_observed,4747575.17,4747575.17,4718002.3808592325,new_observed,1239994874.78,6010641.349362268,1,
2807006,São Miguel do Aleixo,2024,ok,ok,178829.23,178829.23,178829.23,new_observed,4852101.85,4852101.85,4802888.205533244,new_observed,1345665247.36,5342702.020552919,1,
2807006,São Miguel do Aleixo,2025,ok,ok,156764.32,156764.32,156764.32,new_observed,5580432.05,5580432.05,5611571.8633833,new_observed,1460948415.09,5768336.1833833,1,
2807105,Simão Dias,2019,ok,ok,1975221.58,1975221.58,1975221.58,new_observed,10945031.95,10945031.95,10714254.260362765,new_observed,854331308.46,22097734.74239851,1,
2807105,Simão Dias,2020,ok,ok,1851500.34,1851500.34,1851500.34,new_observed,11043589.84,11043589.84,11098785.639992429,new_observed,849401061.42,22077742.605732415,1,
2807105,Simão Dias,2021,ok,ok,2610569.94,2610569.94,2610569.94,new_observed,14951933.46,14951933.46,15102986.043601155,new_observed,1035013278.3,24046980.332823824,1,
2807105,Simão Dias,2022,ok,ok,6071374.8,6071374.8,6071374.8,new_observed,13528300.03,13528300.03,13648071.540622918,new_observed,1117955891.44,25057609.96735317,1,
2807105,Simão Dias,2023,ok,ok,6153065.95,6153065.95,6153065.95,new_observed,14708103.43,14708103.43,14616486.209456656,new_observed,1239994874.78,25632046.022560988,1,
2807105,Simão Dias,2024,ok,ok,4514955.52,4514955.52,4514955.52,new_observed,17096852.66,17096852.66,16923443.59845902,new_observed,1345665247.36,22991865.710936423,1,
2807105,Simão Dias,2025,ok,ok,4538000.91,4538000.91,4538000.91,new_observed,19638978.21,19638978.21,19748567.236623503,new_observed,1460948415.09,24286568.146623503,1,
2807204,Siriri,2019,ok,ok,878618.98,878618.98,878618.98,new_observed,6918844.19,6918844.19,6772959.29131515,new_observed,854331308.46,13324628.150707653,1,
2807204,Siriri,2020,ok,ok,656714.97,656714.97,656714.97,new_observed,5332872.42,5332872.42,5359526.086402325,new_observed,849401061.42,10256531.91771197,1,
2807204,Siriri,2021,ok,ok,845390.5,845390.5,845390.5,new_observed,6066707.39,6066707.39,6127996.57562026,new_observed,1035013278.3,9466698.951687124,1,
2807204,Siriri,2022,ok,ok,1555704.64,1555704.64,1555704.64,new_observed,5620740.26,5620740.26,5670502.946388265,new_observed,1117955891.44,9182382.107241547,1,
2807204,Siriri,2023,ok,ok,665458.66,665458.66,665458.66,new_observed,5854209.06,5854209.06,5817743.01493107,new_observed,1239994874.78,8001025.849260535,6,
2807204,Siriri,2024,ok,ok,2183672.17,2183672.17,2183672.17,new_observed,6231265.28,6231265.28,6168063.128942936,new_observed,1345665247.36,8956917.69639868,1,
2807204,Siriri,2025,ok,ok,2384748.75,2384748.75,2384748.75,new_observed,7368941.17,7368941.17,7410061.185584872,new_observed,1460948415.09,9794809.935584873,1,
2807303,Telha,2019,ok,ok,51429.84,51429.84,51429.84,new_observed,3028381.51,3028381.51,2964527.617986654,new_observed,854331308.46,5252055.225871514,1,
2807303,Telha,2020,ok,ok,42322.07,42322.07,42322.07,new_observed,2938337.4,2938337.4,2953023.1938216104,new_observed,849401061.42,5106486.594359503,1,
2807303,Telha,2021,ok,ok,34351.74,34351.74,34351.74,new_observed,3588284.65,3588284.65,3624535.457865678,new_observed,1035013278.3,4967110.419192606,1,
2807303,Telha,2022,ok,ok,113163.94,113163.94,113163.94,new_observed,3880721.9,3880721.9,3915079.500233563,new_observed,1117955891.44,5118711.30838925,1,
2807303,Telha,2023,ok,ok,77249.74,77249.74,77249.74,new_observed,4380776.7,4380776.7,4353488.709608499,new_observed,1239994874.78,5468047.215576872,2,
2807303,Telha,2024,ok,ok,122605.94,122605.94,122605.94,new_observed,4590583.19,4590583.19,4544022.063298234,new_observed,1345665247.36,5004780.617333737,1,
2807303,Telha,2025,ok,ok,84862.57,84862.57,84862.57,new_observed,3762368.27,3762368.27,3783362.96086933,new_observed,1460948415.09,3868225.53086933,1,
2807402,Tobias Barreto,2019,ok,ok,1108065.27,1108065.27,1108065.27,new_observed,8416543.47,8416543.47,8239079.350606731,new_observed,854331308.46,16277325.007232126,1,
2807402,Tobias Barreto,2020,ok,ok,1734803.02,1734803.02,1734803.02,new_observed,8217941.73,8217941.73,8259014.956609304,new_observed,849401061.42,17037534.250363383,1,
2807402,Tobias Barreto,2021,ok,ok,5101281.96,5101281.96,5101281.96,new_observed,10473598.28,10473598.28,10579408.280026218,new_observed,1035013278.3,21287270.052162282,1,
2807402,Tobias Barreto,2022,ok,ok,2792348.46,2792348.46,2792348.46,new_observed,10919149.07,10919149.07,11015820.71210807,new_observed,1117955891.44,17546117.24392786,1,
2807402,Tobias Barreto,2023,ok,ok,3281829.46,3281829.46,3281829.46,new_observed,11602061.74,11602061.74,11529792.146965796,new_observed,1239994874.78,18279265.90731256,1,
2807402,Tobias Barreto,2024,ok,ok,4790121.13,4790121.13,4790121.13,new_observed,12281161.87,12281161.87,12156597.144733801,new_observed,1345665247.36,18174709.252346385,1,
2807402,Tobias Barreto,2025,ok,ok,5479826.76,5479826.76,5479826.76,new_observed,14331687.53,14331687.53,14411660.921155611,new_observed,1460948415.09,19891487.68115561,1,
2807501,Tomar do Geru,2019,ok,ok,217335.5,217335.5,217335.5,new_observed,3365687.19,3365687.19,3294721.1556112347,new_observed,854331308.46,6115973.374496267,1,
2807501,Tomar do Geru,2020,ok,ok,251236.9,251236.9,251236.9,new_observed,3251183.34,3251183.34,3267432.736072587,new_observed,849401061.42,5998653.825856449,1,
2807501,Tomar do Geru,2021,ok,ok,234793.55,234793.55,234793.55,new_observed,3969446.11,3969446.11,4009547.618743676,new_observed,1035013278.3,5761891.5538507365,1,
2807501,Tomar do Geru,2022,ok,ok,516611.27,516611.27,516611.27,new_observed,4232890.59,4232890.59,4270366.082053073,new_observed,1117955891.44,6082838.7033968745,1,
2807501,Tomar do Geru,2023,ok,ok,456958.1,456958.1,456958.1,new_observed,4715630.1,4715630.1,4686256.297665205,new_observed,1239994874.78,6347325.5047932435,1,
2807501,Tomar do Geru,2024,ok,ok,559320.02,559320.02,559320.02,new_observed,5112885.51,5112885.51,5061026.802687752,new_observed,1345665247.36,6027607.69039239,1,
2807501,Tomar do Geru,2025,ok,ok,791908.06,791908.06,791908.06,new_observed,6370149.98,6370149.98,6405696.561308311,new_observed,1460948415.09,7197604.621308312,1,
2807600,Umbaúba,2019,ok,ok,910969.6,910969.6,910969.6,new_observed,6785618.95,6785618.95,6642543.126083412,new_observed,854331308.46,13153854.634672677,1,
2807600,Umbaúba,2020,ok,ok,946793.87,946793.87,946793.87,new_observed,6025664.65,6025664.65,6055780.888076699,new_observed,849401061.42,11938040.852925371,1,
2807600,Umbaúba,2021,ok,ok,1009956.35,1009956.35,1009956.35,new_observed,7106166.65,7106166.65,7177957.01977756,new_observed,1035013278.3,11115475.173487872,1,
2807600,Umbaúba,2022,ok,ok,1134716.74,1134716.74,1134716.74,new_observed,7195495.96,7195495.96,7259200.5953865,new_observed,1117955891.44,10666197.36959994,1,
2807600,Umbaúba,2023,ok,ok,1250384.02,1250384.02,1250384.02,new_observed,8131328.4,8131328.4,8080678.109778784,new_observed,1239994874.78,11515617.28984929,1,
2807600,Umbaúba,2024,ok,ok,1994169.27,1994169.27,1994169.27,new_observed,9291721.84,9291721.84,9197478.250468228,new_observed,1345665247.36,12002615.28171586,1,
2807600,Umbaúba,2025,ok,ok,1890306.28,1890306.28,1890306.28,new_observed,11351062.9,11351062.9,11414403.870240487,new_observed,1460948415.09,13304710.150240486,1,
