uf,ano,cod_conta,conta,receita_bruta_realizada_rs
AC,2022,RO1.2.2.0.00.0.0,Contribuições Econômicas,143410
AC,2022,RO1.2.2.1.00.0.0,Contribuições Econômicas,143410
AC,2022,RO1.2.2.1.99.0.0,Outras Contribuições Econômicas,143410
AC,2023,RO1.2.2.0.00.0.0,Contribuições Econômicas,54158.88
AC,2023,RO1.2.2.1.00.0.0,Contribuições Econômicas,54158.88
AC,2023,RO1.2.2.1.99.0.0,Outras Contribuições Econômicas,54158.88
AC,2024,RO1.2.2.0.00.0.0,Contribuições Econômicas,47365.28
AC,2024,RO1.2.2.1.00.0.0,Contribuições Econômicas,47365.28
AC,2024,RO1.2.2.1.99.0.0,Outras Contribuições Econômicas,47365.28
AC,2025,RO1.2.2.0.00.0.0,Contribuições Econômicas,109227
AC,2025,RO1.2.2.1.00.0.0,Contribuições Econômicas,109227
AC,2025,RO1.2.2.1.99.0.0,Outras Contribuições Econômicas,109227
AM,2021,RO1.2.2.0.00.0.0,Contribuições Econômicas,2521322799.13
AM,2021,RO1.2.2.0.99.0.0,Outras Contribuições Econômicas,2521322799.13
AM,2022,RO1.2.2.0.00.0.0,Contribuições Econômicas,2456463918.32
AM,2022,RO1.2.2.1.00.0.0,Contribuições Econômicas,2456463918.32
AM,2022,RO1.2.2.1.99.0.0,Outras Contribuições Econômicas,2456463918.32
AM,2023,RO1.2.2.0.00.0.0,Contribuições Econômicas,2413874018.57
AM,2023,RO1.2.2.1.00.0.0,Contribuições Econômicas,2413874018.57
AM,2023,RO1.2.2.1.99.0.0,Outras Contribuições Econômicas,2413874018.57
AM,2024,RO1.2.2.0.00.0.0,Contribuições Econômicas,3013272679.54
AM,2024,RO1.2.2.1.00.0.0,Contribuições Econômicas,3013272679.54
AM,2024,RO1.2.2.1.99.0.0,Outras Contribuições Econômicas,3013272679.54
AM,2025,RO1.2.2.0.00.0.0,Contribuições Econômicas,3537936325.55
AM,2025,RO1.2.2.1.00.0.0,Contribuições Econômicas,3537936325.55
AM,2025,RO1.2.2.1.99.0.0,Outras Contribuições Econômicas,3537936325.55
DF,2021,RO1.2.2.0.00.0.0,Contribuições Econômicas,1481206.44
DF,2021,RO1.2.2.0.06.0.0,Contribuição sobre as Receitas de Concessionárias e Permissionárias de Energia Elétrica,5430
DF,2021,RO1.2.2.0.99.0.0,Outras Contribuições Econômicas,1475776.44
DF,2021,RO1.2.4.0.00.0.0,Contribuição para o Custeio do Serviço de Iluminação Pública,232294891.22
DF,2022,RO1.2.2.0.00.0.0,Contribuições Econômicas,1926785.23
DF,2022,RO1.2.2.1.00.0.0,Contribuições Econômicas,1926785.23
DF,2022,RO1.2.2.1.99.0.0,Outras Contribuições Econômicas,1926785.23
DF,2022,RO1.2.4.0.00.0.0,Contribuição para o Custeio do Serviço de Iluminação Pública,226361099.56
DF,2023,RO1.2.2.0.00.0.0,Contribuições Econômicas,2617759.91
DF,2023,RO1.2.2.1.00.0.0,Contribuições Econômicas,2617759.91
DF,2023,RO1.2.2.1.99.0.0,Outras Contribuições Econômicas,2617759.91
DF,2023,RO1.2.4.0.00.0.0,Contribuição para o Custeio do Serviço de Iluminação Pública,284667839
DF,2024,RO1.2.2.0.00.0.0,Contribuições Econômicas,3816127.35
DF,2024,RO1.2.2.1.00.0.0,Contribuições Econômicas,3816127.35
DF,2024,RO1.2.2.1.99.0.0,Outras Contribuições Econômicas,3816127.35
DF,2024,RO1.2.4.0.00.0.0,Contribuição para o Custeio do Serviço de Iluminação Pública,322508927.26
DF,2025,RO1.2.2.0.00.0.0,Contribuições Econômicas,4378563.66
DF,2025,RO1.2.2.1.00.0.0,Contribuições Econômicas,4378563.66
DF,2025,RO1.2.2.1.99.0.0,Outras Contribuições Econômicas,4378563.66
DF,2025,RO1.2.4.0.00.0.0,Contribuição para o Custeio do Serviço de Iluminação Pública,335345193.77
MT,2021,RO1.2.2.0.00.0.0,Contribuições Econômicas,3067083614.26
MT,2021,RO1.2.2.0.99.0.0,Outras Contribuições Econômicas,333915892.37
MT,2021,RO1.2.2.8.00.0.0,Contribuições Econômicas Específicas de Estados e Municípios,2733167721.89
MT,2021,RO1.2.2.8.01.0.0,Contribuições Econômicas sobre Commodities,2733167721.89
MT,2022,RO1.2.2.0.00.0.0,Contribuições Econômicas,3695789697.66
MT,2022,RO1.2.2.1.00.0.0,Contribuições Econômicas,3695789697.66
MT,2022,RO1.2.2.1.50.0.0,Contribuições Econômicas sobre Commodities,3256694001.36
MT,2022,RO1.2.2.1.99.0.0,Outras Contribuições Econômicas,439095696.3
MT,2023,RO1.2.2.0.00.0.0,Contribuições Econômicas,4107910997
MT,2023,RO1.2.2.1.00.0.0,Contribuições Econômicas,4107910997
MT,2023,RO1.2.2.1.50.0.0,Contribuições Econômicas sobre Commodities,3737761317.34
MT,2023,RO1.2.2.1.99.0.0,Outras Contribuições Econômicas,370149679.66
MT,2024,RO1.2.2.0.00.0.0,Contribuições Econômicas,4286202649.07
MT,2024,RO1.2.2.1.00.0.0,Contribuições Econômicas,4286202649.07
MT,2024,RO1.2.2.1.50.0.0,Contribuições Econômicas sobre Commodities,3925374439.64
MT,2024,RO1.2.2.1.99.0.0,Outras Contribuições Econômicas,360828209.43
MT,2025,RO1.2.2.0.00.0.0,Contribuições Econômicas,4057088697.86
MT,2025,RO1.2.2.1.00.0.0,Contribuições Econômicas,4057088697.86
MT,2025,RO1.2.2.1.50.0.0,Contribuições Econômicas sobre Commodities,3645991970.96
MT,2025,RO1.2.2.1.99.0.0,Outras Contribuições Econômicas,411096726.9
TO,2021,RO1.2.2.0.00.0.0,Contribuições Econômicas,69581734.11
TO,2021,RO1.2.2.0.99.0.0,Outras Contribuições Econômicas,69581734.11
TO,2022,RO1.2.2.0.00.0.0,Contribuições Econômicas,81363684.96
TO,2022,RO1.2.2.1.00.0.0,Contribuições Econômicas,81363684.96
TO,2022,RO1.2.2.1.99.0.0,Outras Contribuições Econômicas,81363684.96
TO,2023,RO1.2.2.0.00.0.0,Contribuições Econômicas,90396419.29
TO,2023,RO1.2.2.1.00.0.0,Contribuições Econômicas,90396419.29
TO,2023,RO1.2.2.1.99.0.0,Outras Contribuições Econômicas,90396419.29
TO,2024,RO1.2.2.0.00.0.0,Contribuições Econômicas,145482023.09
TO,2024,RO1.2.2.1.00.0.0,Contribuições Econômicas,145482023.09
TO,2024,RO1.2.2.1.99.0.0,Outras Contribuições Econômicas,145482023.09
TO,2025,RO1.2.2.0.00.0.0,Contribuições Econômicas,159087828.78
TO,2025,RO1.2.2.1.00.0.0,Contribuições Econômicas,159087828.78
TO,2025,RO1.2.2.1.99.0.0,Outras Contribuições Econômicas,159087828.78
