uf,cenario,coef_hist_estado_pct,base2025_rs_bi,receita2029_rs_bi,receita2033_rs_bi,variacao2033_pct,seguro_receita_estado_2033_rs_mi,seguro_receita_estado_2077_rs_bi,receita_percapita_2077_rs
AC,base,0.17159,1.665,1.801,2.041,0.044,0.0,0.0,5876
AC,A_dca,0.17105,1.665,1.801,2.042,0.044,0.0,0.0,5897
AC,B_comsefaz,0.17068,1.665,1.801,2.043,0.044,0.0,0.0,5912
AL,base,0.63562,6.915,7.373,7.438,-0.084,61.7,1.575,4910
AL,A_dca,0.63362,6.915,7.372,7.433,-0.085,54.2,1.384,4869
AL,B_comsefaz,0.63225,6.915,7.372,7.434,-0.085,53.9,1.376,4877
AM,base,1.35685,12.698,13.735,15.878,0.064,549.5,14.03,8141
AM,A_dca,1.66729,15.908,17.175,19.557,0.047,840.0,21.446,9948
AM,B_comsefaz,1.65881,15.858,17.122,19.503,0.047,836.2,21.349,9936
AP,base,0.12497,1.277,1.382,1.533,0.022,0.0,0.0,5956
AP,A_dca,0.12458,1.277,1.383,1.534,0.022,0.0,0.0,5977
AP,B_comsefaz,0.12431,1.277,1.383,1.535,0.023,0.0,0.0,5992
BA,base,3.15736,31.637,34.144,37.797,0.017,0.0,0.0,6853
BA,A_dca,3.14742,31.637,34.146,37.811,0.017,0.0,0.0,6877
BA,B_comsefaz,3.14065,31.637,34.148,37.821,0.018,0.0,0.0,6894
CE,base,1.63571,16.162,17.444,19.452,0.025,0.0,0.0,5385
CE,A_dca,1.63056,16.162,17.445,19.459,0.025,0.0,0.0,5404
CE,B_comsefaz,1.62705,16.162,17.446,19.463,0.025,0.0,0.0,5417
DF,base,1.64814,16.461,17.92,20.556,0.063,0.0,0.0,0
DF,A_dca,1.64295,16.461,17.921,20.565,0.063,0.0,0.0,0
DF,B_comsefaz,1.63942,16.461,17.922,20.571,0.064,0.0,0.0,0
ES,base,1.57432,16.988,18.127,18.423,-0.077,287.8,7.349,9823
ES,A_dca,1.56936,16.988,18.124,18.41,-0.078,269.9,6.89,9739
ES,B_comsefaz,1.56599,16.988,18.125,18.412,-0.077,269.5,6.879,9756
GO,base,2.3138,23.005,24.794,27.402,0.014,0.0,0.0,9312
GO,A_dca,2.30652,23.005,24.796,27.411,0.014,0.0,0.0,9346
GO,B_comsefaz,2.51091,25.145,27.056,29.675,0.005,0.0,0.0,9387
MA,base,1.06814,11.938,12.734,12.696,-0.095,0.0,0.0,4556
MA,A_dca,1.06478,11.938,12.735,12.7,-0.094,0.0,0.0,4572
MA,B_comsefaz,1.06249,11.938,12.735,12.703,-0.094,0.0,0.0,4583
MG,base,6.62112,66.058,71.15,78.301,0.009,0.0,0.0,8894
MG,A_dca,6.60028,66.058,71.154,78.326,0.009,0.0,0.0,8926
MG,B_comsefaz,6.58608,66.058,71.156,78.344,0.01,0.0,0.0,8948
MS,base,1.30075,13.237,14.201,15.222,-0.021,244.0,6.23,11626
MS,A_dca,1.29666,13.237,14.199,15.211,-0.022,229.2,5.851,11528
MS,B_comsefaz,1.29387,13.237,14.199,15.213,-0.022,228.9,5.843,11548
MT,base,1.77838,19.498,20.775,20.811,-0.091,433.9,11.079,12374
MT,A_dca,1.77279,19.498,20.772,20.796,-0.092,414.0,10.57,12269
MT,B_comsefaz,1.77973,19.608,20.89,20.925,-0.092,424.3,10.833,12366
PA,base,1.79169,18.755,20.069,20.968,-0.048,49.8,1.27,5256
PA,A_dca,1.78605,18.755,20.066,20.952,-0.049,28.3,0.722,5211
PA,B_comsefaz,1.7822,18.755,20.066,20.955,-0.049,27.1,0.692,5220
PB,base,0.75812,7.95,8.526,8.989,-0.038,0.0,0.0,5460
PB,A_dca,0.75573,7.95,8.527,8.992,-0.037,0.0,0.0,5479
PB,B_comsefaz,0.75411,7.95,8.527,8.994,-0.037,0.0,0.0,5493
PE,base,2.09163,20.838,22.473,24.88,0.016,0.0,0.0,6632
PE,A_dca,2.08504,20.838,22.475,24.889,0.017,0.0,0.0,6656
PE,B_comsefaz,2.08056,20.838,22.476,24.895,0.017,0.0,0.0,6672
PI,base,0.59595,6.378,6.83,7.084,-0.055,0.0,0.0,5418
PI,A_dca,0.59408,6.378,6.831,7.086,-0.054,0.0,0.0,5438
PI,B_comsefaz,0.5928,6.378,6.831,7.088,-0.054,0.0,0.0,5451
PR,base,4.00866,40.145,43.208,47.321,0.003,0.0,0.0,9664
PR,A_dca,3.99605,40.145,43.21,47.336,0.004,0.0,0.0,9699
PR,B_comsefaz,3.98745,40.145,43.212,47.346,0.004,0.0,0.0,9723
RJ,base,5.11661,48.491,52.592,61.018,0.071,0.0,0.0,9218
RJ,A_dca,5.10051,48.491,52.596,61.04,0.072,0.0,0.0,9251
RJ,B_comsefaz,5.08953,48.491,52.598,61.055,0.072,0.0,0.0,9274
RN,base,0.71189,7.102,7.691,8.648,0.036,0.0,0.0,7495
RN,A_dca,0.70965,7.102,7.692,8.652,0.037,0.0,0.0,7523
RN,B_comsefaz,0.70812,7.102,7.692,8.654,0.037,0.0,0.0,7541
RO,base,0.5691,6.105,6.518,6.66,-0.071,176.5,4.505,8157
RO,A_dca,0.56731,6.105,6.517,6.655,-0.072,170.2,4.346,8087
RO,B_comsefaz,0.56609,6.105,6.517,6.656,-0.072,170.3,4.347,8102
RR,base,0.15513,1.607,1.721,1.815,-0.038,24.0,0.612,5909
RR,A_dca,0.15464,1.607,1.721,1.814,-0.039,22.2,0.567,5858
RR,B_comsefaz,0.1543,1.607,1.721,1.814,-0.039,22.2,0.566,5869
RS,base,4.32198,40.479,43.873,51.077,0.074,0.0,0.0,10830
RS,A_dca,4.30838,40.479,43.876,51.093,0.074,0.0,0.0,10869
RS,B_comsefaz,4.29911,40.479,43.877,51.105,0.075,0.0,0.0,10896
SC,base,3.16879,33.796,36.102,37.083,-0.066,42.4,1.081,10628
SC,A_dca,3.15882,33.796,36.097,37.056,-0.067,4.2,0.106,10537
SC,B_comsefaz,3.15202,33.796,36.097,37.061,-0.067,2.0,0.051,10556
SE,base,0.44643,4.635,5.007,5.47,0.005,0.0,0.0,7643
SE,A_dca,0.44503,4.635,5.008,5.473,0.005,0.0,0.0,7671
SE,B_comsefaz,0.44407,4.635,5.008,5.474,0.005,0.0,0.0,7690
SP,base,18.46759,178.793,193.443,219.995,0.047,0.0,0.0,12335
SP,A_dca,18.40947,178.793,193.455,220.072,0.048,0.0,0.0,12379
SP,B_comsefaz,18.36985,178.793,193.462,220.125,0.048,0.0,0.0,12410
TO,base,0.43667,4.811,5.124,5.11,-0.096,133.9,3.417,7010
TO,A_dca,0.4353,4.811,5.123,5.106,-0.097,129.1,3.295,6950
TO,B_comsefaz,0.43436,4.811,5.123,5.107,-0.096,129.1,3.296,6963
