codigo_ibge,municipio,complete_years_new,years_with_any_new_component,imputed_iss_years,imputed_cota_years,legacy_iss_years,legacy_cota_years,unresolved,r0_2025_adjusted,historical_mean_adjusted,base_2025_to_prev_median_ratio,iss_2025_to_prev_median_ratio,cota_2025_to_prev_median_ratio,coef_cpt_adjusted_pct,coef_destino_pct,old_pre_2025,old_variacao_2033,adjusted_variacao_2033,delta_variacao_pp,adjusted_revenue_2033,adjusted_counterfactual_2033,flags
2700102,Água Branca,7,7,0,0,0,0,False,10082939.568909707,8448500.768913863,1.973614156922906,1.5147615902875646,2.0473533009555553,0.0008308842688519688,0.0014454193581879516,11270973.789604655,-0.16877380669942296,-0.10920028384631604,5.957352285310693,10550777.0690138,11844163.034279125,
2700201,Anadia,7,7,0,0,0,0,False,11070381.855949147,9155588.277834157,1.8738113138156596,1.0030950169805042,1.9504560375900153,0.0009004241675787732,0.001221052983008049,12466642.684568396,-0.20845269998326,-0.15082527748261454,5.762742250064545,11042740.637788154,13004085.43138432,
2700300,Arapiraca,7,7,0,0,0,0,False,141779716.05418345,142103089.04405755,1.3799000854687755,1.9021129672149641,1.094018650442832,0.013975405160217223,0.019966315892803357,151242167.67985412,-0.004270126837441119,0.03601027168831701,4.028039852575812,172542217.81799898,166544891.04323107,
2700409,Atalaia,6,7,1,0,0,0,False,30138044.680303946,23820366.793854866,1.8670111912675953,1.8855856806116895,1.8646790491565532,0.0023426603830258358,0.003205592880008658,33663681.264627956,-0.2431142978560154,-0.18754648174161798,5.556781611439742,28762776.630353373,35402365.77719642,temporal_imputation
2700508,Barra de Santo Antônio,7,7,0,0,0,0,False,10618474.22489816,10316117.067970352,1.2882039690062081,1.462343739813236,1.1970740733458523,0.0010145586325742636,0.0013075395484504668,11472441.775573686,-0.054540075846883494,-0.008666279092918927,4.587379675396456,12365144.87081011,12473241.462517656,
2700607,Barra de São Miguel,7,7,0,0,0,0,False,13489000.19193267,10279681.868035061,2.144069387911901,2.670938431421507,1.798951938255404,0.0010109753418476887,0.0007765835413714832,14390542.042173896,-0.2756585749197068,-0.25119272507272217,2.4465849846984633,11864980.489954548,15845172.566074286,
2700706,Batalha,7,7,0,0,0,0,False,17156228.215045344,13470048.120299848,2.175969600604516,3.4575190620529805,1.9759507375437029,0.0013247381269132588,0.0013954769432868636,18932834.82774888,-0.25757224879459484,-0.21637278999016224,4.11994588044326,15792414.518913787,20152968.550843872,
2700805,Belém,6,7,1,0,0,0,False,6841978.320666035,5517017.769357562,2.128482420083443,1.957784413367143,2.0995039586231394,0.0005425818616721622,0.0004125002001526191,7690832.578186019,-0.265037421297754,-0.20698877126906212,5.804865002869186,6373503.711669703,8037091.381252282,temporal_imputation
2700904,Belo Monte,7,7,0,0,0,0,False,12748562.376830524,9490422.748671215,2.1658370295518687,0.5542948202546054,2.267548398536744,0.0009333541159918158,0.0005015477447395403,14393120.12357829,-0.3163565961129829,-0.26715286124975274,4.920373486323015,10974678.897992488,14975399.803986456,
2701001,Boca da Mata,7,7,0,0,0,0,False,18123049.636094417,17854758.52892693,1.360483388988256,0.9545798855643781,1.4264606612734076,0.0017559610150503808,0.0018943547912739923,20372716.391433176,-0.08364141160126215,-0.014328674821780338,6.931273677948181,20983629.75736607,21288668.16083141,
2701100,Branquinha,7,7,0,0,0,0,False,12988789.01505708,9111757.775953978,2.39699847834713,4.263088663143426,2.304175633144774,0.0008961135714737073,0.0007653843745250435,14578427.8077817,-0.35109989093467253,-0.3092859709208214,4.181392001385115,10538629.871949667,15257587.696603151,projection_outlier_30pct
2701209,Cacimbinhas,7,7,0,0,0,0,False,13631570.712190535,11105610.00870486,2.061183016966284,0.7188790756650912,2.1816606585105127,0.0010922028540484025,0.0008381940035912729,15377072.947771158,-0.25072168486021434,-0.19790220649247875,5.2819478367735595,12843708.34080118,16012646.393947154,
2701308,Cajueiro,7,7,0,0,0,0,False,10351191.49439842,9157980.152936162,1.6825852896142393,1.32996058554644,1.751593071856566,0.0009006594011959171,0.001482198869544673,11616984.177856948,-0.13246730989221442,-0.06729666170068778,6.517064819152664,11340993.11214392,12159271.492287189,
2701357,Campestre,6,6,1,1,0,0,False,6929438.894919461,5025928.92138139,2.5071305517871396,1.3908390480886519,2.551615150477789,0.0004942847720993699,0.0005696916162463731,4214775.466013876,0.028499047967918432,-0.2692781236116838,-29.777717157960222,5947951.127552235,8139829.0098426,temporal_imputation;projection_changed_10pp
2701407,Campo Alegre,6,6,1,1,0,0,False,30230967.68187715,30499155.99266197,1.3163252450164664,1.318289149700531,1.3152220495703413,0.0029994989194778703,0.0035371373743547196,33784221.21623422,-0.1631076502619838,0.018964065224900375,18.207171548688418,36184962.75605351,35511519.97501203,temporal_imputation;projection_changed_10pp
2701506,Campo Grande,5,5,2,2,0,0,False,8971423.1252751,8194092.506988152,1.582461193340969,2.5140252988760126,1.5155709553435248,0.0008058639926536369,0.0006769544616723666,6066328.758992607,0.005774508319312559,-0.1068816777249643,-11.265618604427686,9412122.080226146,10538493.999597607,temporal_imputation;projection_changed_10pp
2701605,Canapi,7,7,0,0,0,0,False,14350925.957677554,11156869.623169199,1.842180368294385,2.6788094837268743,1.7792674130169452,0.0010972440807051544,0.0012398365890772148,16082845.114325956,-0.2685090464212941,-0.2184234347768184,5.00856116444757,13175547.324994434,16857654.017853152,
2701704,Capela,7,7,0,0,0,0,False,12826009.896339865,10398913.183173675,1.8988184862727542,2.3739424803152294,1.8067119852618294,0.0010227013778406928,0.0012543158125803513,14180025.448045792,-0.22399455046796157,-0.17749093275850022,4.650361770946135,12392230.345217103,15066375.361402037,
2701803,Carneiros,7,7,0,0,0,0,False,7163947.908529653,5799771.78143007,1.9678902851749356,0.9341672728058441,2.2900002925054115,0.0005703898558964476,0.0007071506274797824,8008094.03145148,-0.23154427331044655,-0.1776777607984872,5.386651251195934,6920088.799809596,8415300.55970407,
2701902,Chã Preta,7,7,0,0,0,0,False,11185757.300008116,7544249.062921315,2.2975360820970088,1.8427713216710713,2.337278265385077,0.0007419538730169745,0.0005561945409159327,12564946.765655011,-0.3782609591520642,-0.3360915640465644,4.216939510549983,8723500.5272524,13139613.92089351,projection_outlier_30pct
2702009,Coité do Nóia,7,7,0,0,0,0,False,10760728.037717221,7136035.180325846,2.6813691811049485,2.0873415146902405,2.703732893346163,0.0007018072833849345,0.0008279059978810941,12066888.911063101,-0.37101048657407143,-0.3301830534947926,4.082743307927883,8466716.126878627,12640343.262519715,projection_outlier_30pct
2702108,Colônia Leopoldina,7,7,0,0,0,0,False,21538445.27448606,14552080.527004208,2.246926239161277,3.0518931772333344,2.1464907703991063,0.0014311527121408183,0.0014636021615930443,23950146.15234382,-0.3647421280228124,-0.3276374530545745,3.710467496823794,17011204.961041953,25300643.28883971,projection_outlier_30pct
2702207,Coqueiro Seco,7,7,0,0,0,0,False,7602494.912703614,6310131.260980347,2.1570205461517125,1.1881122809082048,2.3028468842535883,0.0006205821532775508,0.0005204213375283309,8550359.89896248,-0.23673953013549096,-0.18304150310274417,5.3698027032746785,7295807.133406552,8930450.152750053,
2702306,Coruripe,7,7,0,0,0,0,False,61783162.59103379,62364505.919551,1.331669897305262,1.8039344989024944,1.2738073905995797,0.006133358843256883,0.004266975194932683,68947550.22989286,-0.07196581214526625,-0.00717666671187869,6.478914543338756,72054203.75769329,72575050.70822391,
2702355,Craíbas,7,7,0,0,0,0,False,40041217.68676671,24455951.753019184,2.6689284930849904,1.2616025458691982,4.062734246717326,0.0024051682241840776,0.0017363457317389152,43902564.186988436,-0.4304472482704448,-0.3994438687175666,3.1003379552878183,28247374.90070599,47035361.77440445,projection_outlier_30pct
2702405,Delmiro Gouveia,7,7,0,0,0,0,False,73819183.01594521,48924797.62653903,3.6595111058952554,1.994838661439822,4.1061238203131465,0.0048116045457712005,0.004193702097578031,82257400.98432866,-0.3825814303434803,-0.3474397807771474,3.514164956633292,56585745.51695857,86713446.28446352,projection_outlier_30pct
2702504,Dois Riachos,5,5,2,2,0,0,False,11812684.850987343,11451877.503354667,1.3902915591758396,0.9452474898562306,1.5010626959646391,0.0011262572054639727,0.0008018364931908235,13264095.11289555,-0.38546283436915846,-0.0637966077075629,32.166622666159554,12990804.305622056,13876049.171123046,temporal_imputation;projection_changed_10pp
2702553,Estrela de Alagoas,7,7,0,0,0,0,False,9429152.444120176,7569589.991175691,1.9151797060745999,1.8639930688220996,1.9205967738858707,0.0007444460759794386,0.001246512829888733,10556462.920646194,-0.20755264951674263,-0.1514943642807673,5.605828523597534,9398198.226159004,11076176.55148826,
2702603,Feira Grande,5,5,2,2,0,0,False,9532471.212812033,8495590.030578237,1.572757490206969,1.182890502143993,1.8925305780913015,0.0008355153540372535,0.0015629027865701455,5894962.542631735,0.1537799455353537,-0.04144126609797042,-19.52212116333241,10733502.049084805,11197542.382605668,temporal_imputation;projection_changed_10pp
2702702,Feliz Deserto,7,7,0,0,0,0,False,11807906.238333264,10570126.96784256,1.4701724918896597,5.989616335129441,1.4281170495093534,0.0010395397310802904,0.00040308973433412826,13306135.49298091,-0.17790526156110256,-0.11892178697516002,5.8983474585942535,12220938.842233077,13870435.860940458,iss_2025_anomaly
2702801,Flexeiras,6,7,1,0,0,0,False,18805737.244353056,13339855.430328492,1.8506159340203576,1.9093541695183558,1.8904934656624046,0.0013119340731556086,0.000885061923173297,21196271.167855326,-0.34795795361526255,-0.3017148966646938,4.624305695056874,15425539.193347694,22090603.278902512,temporal_imputation;projection_outlier_30pct
2702900,Girau do Ponciano,3,6,4,1,0,0,False,32994833.19073301,25457881.44986586,1.868980877852698,1.4727925133659336,2.009083702468493,0.002503704952341652,0.0027701678573785788,18813100.879561353,0.040145477187117196,-0.2260360721472731,-26.61815493343903,29997417.636167493,38758159.8529945,temporal_imputation;projection_changed_10pp
2703007,Ibateguara,7,7,0,0,0,0,False,13240213.408429367,9360202.255446848,2.1817607250428184,2.7451268979962657,2.1365589970668166,0.0009205473278690774,0.001125086272380953,14822615.915256387,-0.32724190224103533,-0.28309634765921066,4.414555458182468,11149951.817397635,15552929.296693502,
2703106,Igaci,7,7,0,0,0,0,False,12458829.72379385,10085455.258318175,1.9069893736624466,1.995158388847808,1.8636262231648635,0.000991873747491444,0.0018182492069342096,13776452.355526432,-0.1833134126449595,-0.13221274638109737,5.110066626386215,12700117.224158578,14635058.502179798,
2703205,Igreja Nova,7,7,0,0,0,0,False,23218859.575222947,17931391.70057828,1.8259716564865331,3.21127203976162,1.7015955930343827,0.0017634976536255492,0.0016152012943344862,25842293.401539035,-0.28295118272276376,-0.23927838986243968,4.3672792860324074,20748363.64860268,27274581.623691194,
2703304,Inhapi,7,7,0,0,0,0,False,15560274.33465102,10535398.482037438,2.2989658295685933,2.447498545882973,2.239755679925787,0.001036124290480143,0.001241993643267553,17187600.015361592,-0.35208747282080144,-0.3149078681092498,3.7179604711551626,12522280.904570086,18278243.64295426,projection_outlier_30pct
2703403,Jacaré dos Homens,7,7,0,0,0,0,False,9254660.564608488,6811698.3298075115,2.0333837626914457,6.948276544638233,1.9815734555079818,0.0006699097438952953,0.0004539079221582551,10299016.914401388,-0.31741159496970117,-0.27569731554508703,4.171427942461414,7874043.359698984,10871205.545268325,iss_2025_anomaly
2703502,Jacuípe,7,7,0,0,0,0,False,13640839.55743609,9196367.61284742,2.213495733273754,6.192346196338101,2.1184085209483166,0.0009044346907335364,0.0005277465579356454,15311321.173384044,-0.3753399135592421,-0.33612650000943756,3.9213413549804566,10637599.77264156,16023534.261862814,iss_2025_anomaly;projection_outlier_30pct
2703601,Japaratinga,7,7,0,0,0,0,False,18512957.741979454,12148378.391087536,2.4976921917518804,3.6340643873375353,1.528474917997243,0.0011947559423035351,0.0007440731336607418,19319031.144806422,-0.36841456179395193,-0.3557597119362508,1.2654849857701156,14010089.271119906,21746682.923582654,projection_outlier_30pct
2703700,Jaramataia,7,7,0,0,0,0,False,8115096.714292882,5848882.792393318,2.226880269483547,6.177044369543346,1.9144209877343323,0.0005752197739556283,0.0004579447934289385,8957602.279227551,-0.32603973142397297,-0.29071921623856284,3.532051518541013,6761282.879593161,9532589.962097835,iss_2025_anomaly
2703759,Jequiá da Praia,6,7,1,0,0,0,False,20178005.917411774,25995893.705557488,0.9517681049179774,1.2976026923372843,0.9410700433906874,0.0025566168158699795,0.0008729477775011271,22752907.91994046,0.16864897839099677,0.2667441126572651,9.809513426626834,30025092.36603914,23702571.076533463,temporal_imputation
2703809,Joaquim Gomes,7,7,0,0,0,0,False,11811722.457413051,9793112.92994819,2.0520500573982297,1.4944963834695941,2.1146244542839536,0.0009631227716193778,0.0015386902392985602,13208009.765392272,-0.18659702277196644,-0.1297182206533869,5.687880211857954,12075088.910843313,13874918.672787799,
2703908,Jundiá,7,7,0,0,0,0,False,11510694.35094823,7980140.297202122,2.528684784878033,3.0025088967739446,2.4768320684140717,0.000784822445725994,0.000376929131359932,12970549.836312618,-0.3599053407555743,-0.3173084354223262,4.259690533324811,9230883.528019821,13521308.899913277,projection_outlier_30pct
2704005,Junqueiro,7,7,0,0,0,0,False,13965417.636310233,13066609.264995752,1.5023537970478626,1.8586372153343913,1.4223597901523268,0.0012850611466436678,0.0018652240064435867,15496924.847795015,-0.09100816722302577,-0.030850926981223603,6.015724024180217,15898704.045513885,16404807.565869551,
2704104,Lagoa da Canoa,6,7,1,0,0,0,False,8695282.776846265,7620753.969477305,1.878727009976715,2.2528089345626565,1.8326269249116909,0.0007494778971114334,0.0013301024198345336,9690816.20208926,-0.13365566657148267,-0.0653290918988492,6.832657467263347,9546840.086183004,10214119.219328305,temporal_imputation
2704203,Limoeiro de Anadia,7,7,0,0,0,0,False,17154588.86676285,16432627.486964304,1.5773333565766559,1.4254096469418538,1.5530674860511309,0.0016160987669032792,0.0019752200893324023,19085749.425617397,-0.09002331300028354,-0.02859990185979697,6.142341114048658,19574725.003746442,20151042.851676967,
2704302,Maceió,7,7,0,0,0,0,False,954032550.8530436,955252932.7148821,1.360912393101124,1.6520700678666087,1.070936701942996,0.09394621084582588,0.10296423184249445,999343582.4055557,-0.024067047337597836,0.003392820158026535,2.745986749562437,1124479116.6988606,1120676861.6520138,
2704401,Major Isidoro,7,7,0,0,0,0,False,21451960.171886597,13913589.447476907,2.3538726735520386,5.912428200307585,2.0747444203366467,0.001368359062913306,0.001460093427716453,23785460.91722948,-0.38732440039144506,-0.35181826848756576,3.55061319038793,16333564.847391523,25199051.52105971,iss_2025_anomaly;projection_outlier_30pct
2704500,Maragogi,7,7,0,0,0,0,False,50912820.80767241,41522933.35305435,1.7105915612214153,2.2404569993763195,1.2954615148106396,0.0040836537822884055,0.0025790615951948996,53763010.01632008,-0.22138125908103165,-0.199050808606855,2.233045047417664,47901524.94724151,59805947.07127821,
2704609,Maravilha,7,7,0,0,0,0,False,11442502.535901703,8155499.466992703,2.3159900864321936,0.6745197389354781,2.6690195897957874,0.0008020684849420935,0.0007433463427446275,12888040.963748883,-0.3443052148687505,-0.29719200492714903,4.711320994160145,9446586.881585212,13441205.774282644,
2704708,Marechal Deodoro,7,7,0,0,0,0,False,151983997.97165826,131254140.91302285,1.73216680453269,2.2425235081552124,1.6067423784475516,0.0129084442185984,0.005049233173567438,166903456.92067957,-0.19509716957855985,-0.1508087273157953,4.428844226276454,151607469.59747416,178531591.7322829,
2704807,Maribondo,7,7,0,0,0,0,False,11171727.106621325,8461598.903599655,1.9752345530864917,1.369544457255194,2.184759330992945,0.0008321724304275437,0.0010763390335295443,12515607.851794437,-0.27753538162156693,-0.2268126813862698,5.072270023529713,10146640.033835988,13123133.022962911,
2704906,Mar Vermelho,5,7,2,0,0,0,False,7382751.780047346,5370212.093169676,2.439832539350945,2.962611681829869,2.4015480051127835,0.0005281439714169458,0.00034360836852961846,5572202.960456707,-0.020292626598861087,-0.28512856940774844,-26.483594280888735,6199596.445396003,8672323.693590337,temporal_imputation;projection_changed_10pp
2705002,Mata Grande,6,7,1,0,0,0,False,13997593.249836842,9251658.580783848,2.3292730878882963,1.1701516224773731,2.3776662589606725,0.0009098723887020344,0.0016424601625989166,15759395.813768128,-0.35088376779215946,-0.29321917650228907,5.766459128987039,11621316.77856704,16442603.410001373,temporal_imputation
2705101,Matriz de Camaragibe,7,7,0,0,0,0,False,13460208.276899457,11961932.91645586,1.6204371147034715,0.5426658710758682,1.8391199007794465,0.0011764195988377094,0.0018037858553051718,10394558.311677482,0.06548415029911482,-0.07259067518005137,-13.807482547916619,14663594.78504278,15811351.463270692,projection_changed_10pp
2705200,Messias,7,7,0,0,0,0,False,12338865.39308403,13343214.156079572,1.3204427282069526,3.2353121366713276,1.1201217566230757,0.0013122643935836102,0.0012609151909637327,13607548.732607413,0.008219716702206437,0.06982629180454855,6.160657510234212,15506211.587591488,14494139.568617359,
2705309,Minador do Negrão,7,7,0,0,0,0,False,8052473.169851175,7011168.357062143,1.75863241348128,1.3596284016541342,1.7129233595127324,0.0006895270123653619,0.0004376350049059712,9053234.516447922,-0.1988746205738326,-0.14301837917142016,5.585624140241244,8106212.921522194,9459027.737006348,
2705408,Monteirópolis,6,7,1,0,0,0,False,8960539.658575146,5898644.2930663945,2.735002195515056,2.111372641850124,2.7969066617611538,0.0005801136656927112,0.0005777817000695911,10086919.641808681,-0.3897975816138469,-0.3465611566137605,4.32364250000864,6877907.427429376,10525709.478467492,temporal_imputation;projection_outlier_30pct
2705507,Murici,6,7,1,0,0,0,False,58013088.18230568,29320590.76147329,2.9286397941537823,2.1127805394635657,3.080897473300984,0.002883590625545567,0.002067786635827286,64793517.31767177,-0.5306738842364348,-0.5024218018180951,2.8252082418339652,33908184.71267241,68146443.78827113,temporal_imputation;projection_outlier_30pct
2705606,Novo Lino,7,7,0,0,0,0,False,11014790.682393435,8405873.741832152,2.277405029280331,1.995403967054658,2.3059845275820683,0.000826692030820762,0.0009178468462295501,12285779.582736045,-0.28078644681936105,-0.23421211964724373,4.657432717211732,9908363.932959436,12938783.946796335,
2705705,Olho d'Água das Flores,7,7,0,0,0,0,False,13390715.061459346,11281114.060456997,1.9336252577791457,1.182082365561023,2.175292034508088,0.0011094631419632938,0.0016018491928018442,14881128.591911823,-0.18269323276817281,-0.12798256814944184,5.4710664618730975,13716589.704093533,15729719.616940193,
2705804,Olho d'Água do Casado,7,7,0,0,0,0,False,7801224.439358038,6492002.760121837,1.9513307444349957,1.2998926223821101,2.041872587578345,0.0006384686602120368,0.0006860844319544784,8746098.65435162,-0.22183691768481495,-0.16775539147099772,5.408152621381723,7626600.112502855,9163892.483464591,
2705903,Olho d'Água Grande,5,5,2,2,0,0,False,6330387.603137104,4930656.638598024,2.032917534975115,1.1211479445845332,2.083955408006346,0.0004849150338241976,0.000379966475961243,3580072.222308564,0.0005126540485317579,-0.2425397211042711,-24.305237515280286,5632580.122080985,7436139.265668821,temporal_imputation;projection_changed_10pp
2706000,Olivença,7,7,0,0,0,0,False,11706811.910894055,7160018.703452387,2.74452956175194,3.512080148168874,2.650408611775786,0.0007041659896953858,0.000820758319912877,13028440.86723483,-0.4183431265267731,-0.3830626619040023,3.528046462277079,8483926.718094278,13751683.022262057,projection_outlier_30pct
2706109,Ouro Branco,7,7,0,0,0,0,False,8177773.522838503,6719180.802737661,2.005304597943281,1.327795025528632,2.039999113427385,0.0006608109274380285,0.0009261402382021583,9138852.03663066,-0.2084680546674156,-0.15282555569814604,5.564249896926957,8138139.647018656,9606214.75512661,
2706208,Palestina,7,7,0,0,0,0,False,5388113.24121161,4110778.2476264113,2.1146539104722004,1.1548517686448074,2.2323620213122255,0.0004042824960446509,0.00042408861524101713,6083948.218688366,-0.2903151316868384,-0.2388545792815251,5.146055240531333,4817498.255155714,6329274.438264753,
2706307,Palmeira dos Índios,7,7,0,0,0,0,False,28557339.53360384,30276850.918473143,1.306048858826443,1.7212135991020596,1.2087448105398293,0.002977635893826135,0.005733411696748106,31380128.867006153,0.07816676076272704,0.14583092763685865,6.7664166874131615,38437532.28897553,33545553.15438065,
2706406,Pão de Açúcar,7,7,0,0,0,0,False,18191379.768175077,14850247.723478572,1.88232146561502,1.2709941262749955,1.8973881459348427,0.0014604765460155586,0.0018374416113644976,20357784.054770574,-0.223850633574793,-0.16939492313790105,5.4455710436891955,17749144.87136879,21368933.76383201,
2706422,Pariconha,7,7,0,0,0,0,False,11580793.215552678,7837537.506507235,2.3747658322946745,1.8253254641491654,2.5095597520287227,0.0007707978964333265,0.0008018722557368562,12980924.546869716,-0.3667084154766895,-0.3253735063417328,4.1334909134956686,9177384.175413622,13603652.186334733,projection_outlier_30pct
2706448,Paripueira,6,7,1,0,0,0,False,12567080.943851195,10668310.37214853,1.4675771231291213,1.1182651605418712,1.6891151373286428,0.0010491957692735203,0.0012222410102273257,13869410.859324083,-0.22526813817201582,-0.14375018551232138,8.151795265969444,12640146.72682886,14762218.353754459,temporal_imputation
2706505,Passo de Camaragibe,7,7,0,0,0,0,False,12275620.753896821,12604852.80692113,1.2311076281670226,1.236611931704386,1.2927897192984739,0.0012396488081058408,0.0011400086701221428,13460680.719462361,-0.17206873167622164,0.011817524624187904,18.388625630040952,14590254.66589819,14419847.759918315,projection_changed_10pp
2706604,Paulo Jacinto,7,7,0,0,0,0,False,7052890.236444088,5939044.153555893,1.8302698852402781,1.2027987132494686,1.8597677748281551,0.0005840868686860813,0.0005996909524010733,7929243.938221773,-0.2176981154467522,-0.16168082369641174,5.601729175034046,6945343.633923855,8284844.04299094,
2706703,Penedo,7,7,0,0,0,0,False,39591084.61977911,36604166.913209565,1.4849637399864504,3.050270418410103,1.183133730330085,0.0035999081132269996,0.004952189125342715,43089948.72408387,-0.09504358275121719,-0.0489790379927624,4.606454475845478,44228753.69623255,46506602.33911432,
2706802,Piaçabuçu,7,7,0,0,0,0,False,12099322.950519778,11689574.345545977,1.4350359504468186,1.080288308185534,1.444659980639652,0.0011496339645286392,0.0012934751945883325,13588441.236278621,-0.09623609067404401,-0.029157879754437073,6.707821091960694,13798341.570165237,14212755.382590026,
2706901,Pilar,6,7,1,0,0,0,False,80567434.78641336,122661555.72553816,0.7846860868623305,1.1896286777651013,0.7651767802870123,0.012063389686873557,0.0027595392357235675,89379026.41026066,0.3753272884832035,0.4943143839523826,11.898709546917907,141422570.13888434,94640439.56053552,temporal_imputation;projection_outlier_30pct;projection_changed_10pp
2707008,Pindoba,7,7,0,0,0,0,False,7045606.586691515,5482735.804828369,2.0718363269366464,0.7585682977830784,2.2057611015772745,0.000539210335076881,0.00028062556475087693,7951419.311643038,-0.2849650566232899,-0.23392145785859553,5.104359876469439,6340286.746377472,8276288.131833835,
2707107,Piranhas,6,7,1,0,0,0,False,72202504.3836887,45131827.51291596,2.7557854545044655,2.002791370751702,2.8160261806179503,0.0044385775098702215,0.001910028644028792,81388608.16920081,-0.42374116624372665,-0.38454112641712795,3.92000398265987,52199760.65969038,84814376.55746406,temporal_imputation;projection_outlier_30pct
2707206,Poço das Trincheiras,7,7,0,0,0,0,False,11413759.013175176,9349271.629834352,1.598636638942825,1.2636477599667668,1.7806581454310377,0.0009194723341964072,0.0009728171057737193,12670426.746137004,-0.23120955571459423,-0.1820971082990656,4.911244741552862,10965985.186774861,13407441.5166447,
2707305,Porto Calvo,4,6,3,1,0,0,False,12927415.479316575,11858759.094232088,1.6031422681507908,1.4108019481751546,1.6006086531384556,0.0011662727682712156,0.0020210084161445905,10134128.857425582,0.09044610855091494,-0.02533786938599002,-11.578397793690495,14800725.764678806,15185493.823746657,temporal_imputation;projection_changed_10pp
2707404,Porto de Pedras,7,7,0,0,0,0,False,20742116.02544231,18065129.547592573,1.767886666759545,1.9839188680012647,1.6040628318878296,0.0017766503627598344,0.0006870453374474878,22537798.881358717,-0.1833663102992438,-0.14393722618471996,3.942908411452384,20858154.679674994,24365216.334212117,
2707503,Porto Real do Colégio,6,7,1,0,0,0,False,14181429.61663849,9621277.157035323,2.4261007625061164,2.3219999951584156,2.4463904669658336,0.0009462232477340677,0.0014235101091087067,15759172.584809048,-0.3502001910515426,-0.29385496220293505,5.634522884860754,11763353.22358787,16658551.138850423,temporal_imputation
2707602,Quebrangulo,7,7,0,0,0,0,False,19124721.62291173,16167796.677001145,1.4653030267512432,1.3562385884502401,1.4696709711805065,0.001590053464911314,0.0008794586709212074,21556177.46205474,-0.22146439492868628,-0.16768104638164738,5.37833485470389,18698299.825128112,22465305.810760062,
2707701,Rio Largo,6,6,1,1,0,0,False,64048301.60848226,64553493.78728199,1.2528912353411645,2.373515735015451,1.0643656262732144,0.006348639120048444,0.006280662097500524,69778701.71416259,-0.15573143249187968,-0.00018062993526284026,15.555080255661686,75222259.89090803,75235849.73757558,temporal_imputation;projection_changed_10pp
2707800,Roteiro,7,7,0,0,0,0,False,11960981.183484398,7763123.406729755,2.4705815678029444,4.924395193077462,2.362578872728238,0.0007634794968051475,0.0005430551516186163,13419583.258664995,-0.39963429695004904,-0.3609883292071857,3.864596774286333,8978273.062687853,14050248.959535614,projection_outlier_30pct
2707909,Santa Luzia do Norte,7,7,0,0,0,0,False,11428064.70514847,8671572.203822197,1.9022570247580486,1.7010117214689497,1.9869916885985042,0.0008528226637418114,0.0005906717072151224,12744696.904154351,-0.29735799435964333,-0.253250877788712,4.41071165709313,10024543.943354081,13424246.035494769,
2708006,Santana do Ipanema,7,7,0,0,0,0,False,26027866.62963575,23727431.547657575,1.5289616143903328,1.4849528826802436,1.554111590694853,0.002333520485167113,0.003493419083130262,28247333.432097822,-0.09945290417564245,-0.05179471017296807,4.765819400267438,28990663.76573783,30574248.08400531,
2708105,Santana do Mundaú,6,7,1,0,0,0,False,17668338.230068855,12991569.508894788,2.071538197176038,1.82843368447281,2.075286746656979,0.0012776812156253513,0.0008419593971794811,19954477.916554794,-0.32520653071288885,-0.27614558971740716,4.906094099548169,15023258.559903778,20754530.67149055,temporal_imputation
2708204,São Brás,7,7,0,0,0,0,False,13826350.85675404,10801962.981000345,1.9685572318512818,0.12982744427390344,2.073311976430719,0.0010623400954946417,0.0005302633574637422,15645395.357044322,-0.2825342375157518,-0.23074982104164013,5.178441647411167,12493737.92652504,16241449.489739196,iss_2025_anomaly
2708303,São José da Laje,7,7,0,0,0,0,False,19959938.55387634,15996117.695898695,2.1867744359143924,2.7629502967194477,2.1308973241425417,0.0015731693610220863,0.0017044363544845382,22356659.27766197,-0.248005217129759,-0.19785068981959983,5.015452731015918,18807524.09367852,23446413.09913834,
2708402,São José da Tapera,6,7,1,0,0,0,False,18669223.27291204,16375225.794616675,1.6852409138845872,1.7062900447444393,1.6115917670670972,0.0016104534856301077,0.002248660621810678,20568202.42016323,-0.1781058387164652,-0.09605143273951451,8.20544059769507,19823812.57034283,21930243.91909935,temporal_imputation
2708501,São Luís do Quitunde,5,5,2,2,0,0,False,17680695.534926973,18581127.72128453,1.3631480197127164,1.4518716700913998,1.338642225968316,0.0018273972085025153,0.002516080148008153,13817929.110679965,0.07373243137015949,0.08113172109382374,0.7399289723664257,22454074.957115423,20769046.47141215,temporal_imputation
2708600,São Miguel dos Campos,7,7,0,0,0,0,False,64898080.324737325,57202566.094934106,1.5412231516712755,2.1108697643173193,1.3865297696368126,0.005625697813880418,0.004645297024611186,70951548.41941512,-0.17795378505592194,-0.13350773987050824,4.44460451854137,66056225.00258397,76234062.3708656,
2708709,São Miguel dos Milagres,7,7,0,0,0,0,False,12790398.501834858,8618071.970776496,2.2868808133200678,2.5569588438304143,2.1193165139420937,0.0008475610790851408,0.0007407089369460245,13754757.60828319,-0.3613980635869472,-0.33763685167121205,2.3761211915735156,9951703.99846376,15024543.596021242,projection_outlier_30pct
2708808,São Sebastião,7,7,0,0,0,0,False,21451746.127431598,16089240.294168804,2.0827902244677423,3.4296058171626473,1.8710152354958396,0.0015823276843854402,0.0024361242754565643,23731020.393768035,-0.25992834806129184,-0.21685316121219084,4.3075186849101,19734360.630701043,25198800.088686813,
2708907,Satuba,6,6,1,1,0,0,False,9719064.716021972,8467134.803595884,1.8758312624420173,2.1022450220212616,1.8195706500267315,0.0008327168692986068,0.0015522408679474382,7318190.392374781,0.10267078630578524,-0.06353164175253624,-16.62024280583215,10691405.319752818,11416728.846835839,temporal_imputation;projection_changed_10pp
2708956,Senador Rui Palmeira,7,7,0,0,0,0,False,10565650.974295538,7872845.688593404,2.179626405061244,1.0367075706145856,2.29228563079259,0.0007742703483936914,0.0009647728217242293,11861652.98327217,-0.29327987108688663,-0.24269070012119642,5.058917096569021,9399110.657663979,12411191.383980324,
2709004,Tanque d'Arca,6,7,1,0,0,0,False,7610784.379649741,6544572.066517783,1.7388047886136768,1.2224842986883817,1.7867091224126967,0.0006436386910735557,0.0005067876349411304,8554263.076004945,-0.21245207121142834,-0.15396586451342437,5.848620669800397,7563703.862568264,8940187.570822053,temporal_imputation
2709103,Taquarana,7,7,0,0,0,0,False,11792744.903970458,9896732.367390318,1.8511313854824114,2.283014188188463,1.7777756796894073,0.0009733134270827404,0.0014307646267827105,13069056.072260045,-0.18081465039843364,-0.1292482180771442,5.1566432321289435,12062198.984145204,13852626.241554856,
2709152,Teotônio Vilela,7,7,0,0,0,0,False,28602064.953743823,28894705.82177333,1.4403083208719842,1.82009702250263,1.3604454811418174,0.002841706141372979,0.0031372354883011733,31560061.161509734,-0.04606397908244166,0.013130793469382271,5.919477255182393,34039260.518069945,33598090.92516606,
2709202,Traipu,7,7,0,0,0,0,False,23951172.397324543,16675789.498683337,2.268243846129952,4.834573776109448,2.0892407848346903,0.0016400130087132752,0.0018594126449161137,26769742.863615874,-0.34196393581994916,-0.29979482413462094,4.216911168532822,19700139.70366152,28134810.17091061,
2709301,União dos Palmares,6,7,1,0,0,0,False,41536529.74994704,36392706.0696016,1.7395992783321732,1.518325047981368,1.75375058201287,0.0035791115845602204,0.004755845153788756,46285113.98997202,-0.17355541574884104,-0.10265169437281026,7.090372137603078,43783297.74098441,48791865.395436004,temporal_imputation
2709400,Viçosa,7,7,0,0,0,0,False,17068301.026539836,14095516.741318999,1.831804882036139,1.6205907153368033,1.8347206662356812,0.0013862510570863311,0.0019030481380381227,19078392.777213074,-0.20602811768830204,-0.15075319715380023,5.527492053450181,17027129.018362626,20049682.802805055,
