codigo_ibge,municipio,componente,ano,valor_observado,valor_esperado_pela_mediana,razao_participacao_vs_mediana,grau,sinal,padrao_pico_reversao,desvio_abs,materialidade_pct_receita_media
1502707,Conceição do Araguaia,iss,2023,43233863.28,6919485.940607831,6.248132253044537,forte,muito_acima,True,36314377.33939217,130.27995627560531
1504901,Muaná,iss,2025,5380284.1,1001075.5503799156,5.374503550664225,forte,muito_acima,True,4379208.549620084,40.53350239062306
1502772,Curionópolis,iss,2024,989833.5,8605206.41887186,0.11502728137110359,forte,muito_abaixo,False,-7615372.918871859,18.001745345689734
1502772,Curionópolis,iss,2023,1376594.93,7499311.197139028,0.18356284914875487,forte,muito_abaixo,False,-6122716.267139029,14.473300288658319
1503101,Gurupá,iss,2019,63076.61,880691.3964828596,0.07162169433232067,forte,muito_abaixo,True,-817614.7864828596,7.276030087122811
1506906,Santarém Novo,iss,2021,61449.25,421918.4565714053,0.14564247911634165,forte,muito_abaixo,False,-360469.2065714053,5.799326643623683
1506906,Santarém Novo,iss,2020,16660.54,328407.6997919499,0.05073127094935548,forte,muito_abaixo,False,-311747.1597919499,5.015473102547342
1504976,Nova Ipixuna,iss,2019,1026.25,354137.55513850093,0.002897885257039853,forte,muito_abaixo,False,-353111.30513850093,4.108670638634069
1502608,Colares,iss,2021,48341.14,266588.0884892568,0.18133270797636591,forte,muito_abaixo,False,-218246.94848925679,3.7735867572532693
1501576,Bom Jesus do Tocantins,iss,2024,10163969.02,2656121.4167526765,3.8266206340921998,moderado,muito_acima,False,7507847.603247323,69.39910971015657
1508084,Tucumã,iss,2024,30281774.41,8617656.542474832,3.513922173707753,moderado,muito_acima,False,21664117.867525168,66.01234949295909
1501576,Bom Jesus do Tocantins,iss,2023,8000558.48,2314770.8621992026,3.4563068900905725,moderado,muito_acima,False,5685787.617800798,52.55682048017842
1508084,Tucumã,iss,2023,22468812.2,7510161.297275706,2.9917882333832844,moderado,muito_acima,False,14958650.902724292,45.58023997893838
1502152,Canaã dos Carajás,cota_parte,2019,72155120.6,286792552.9491573,0.2515934247873991,moderado,muito_abaixo,True,-214637432.3491573,36.485815745417796
1503101,Gurupá,cota_parte,2019,2314005.43,6248379.505184408,0.370336889441498,moderado,muito_abaixo,True,-3934374.075184408,35.01236110000056
1508357,Vitória do Xingu,iss,2019,53855633.79,10796594.393191898,4.988205709011373,moderado,muito_acima,True,43059039.3968081,33.23874660074326
1505064,Novo Repartimento,iss,2025,5677042.57,15038253.644774782,0.3775067706729734,moderado,muito_abaixo,True,-9361211.074774781,30.781735353910406
1508159,Uruará,iss,2019,9173160.92,2797260.2334373556,3.2793376927708113,moderado,muito_acima,True,6375900.686562644,29.70672159027342
1505205,Oeiras do Pará,iss,2025,3346008.42,869695.8821468926,3.8473315657654865,moderado,muito_acima,False,2476312.5378531073,26.0297505626503
1501576,Bom Jesus do Tocantins,iss,2022,1170780.84,3552886.879853462,0.3295294445311157,moderado,muito_abaixo,True,-2382106.039853462,22.01909883326799
1503101,Gurupá,iss,2025,3904174.44,1445492.4351537596,2.7009303854189355,moderado,muito_acima,True,2458682.0048462404,21.880040011120457
1501907,Bujaru,iss,2022,2513594.33,766783.7652290636,3.278100611909939,moderado,muito_acima,False,1746810.5647709365,21.02157860020449
1505205,Oeiras do Pará,iss,2024,2735028.96,879500.3465268458,3.10975313517573,moderado,muito_acima,False,1855528.6134731541,19.504382517257042
1504752,Mojuí dos Campos,iss,2019,2687105.85,609301.3244484569,4.410142801564373,moderado,muito_acima,True,2077804.525551543,18.923990180467676
1503044,Floresta do Araguaia,iss,2023,4014145.62,1150600.5476785263,3.488739535279222,moderado,muito_acima,False,2863545.0723214736,18.689043700507455
1507706,São Sebastião da Boa Vista,iss,2025,2713481.46,911311.1815155188,2.977557518264459,moderado,muito_acima,True,1802170.2784844812,18.365040817223655
1505437,Ourilândia do Norte,iss,2019,4967104.21,15230494.1894238,0.32612889301052383,moderado,muito_abaixo,True,-10263389.979423799,18.352543767770733
1502772,Curionópolis,iss,2019,10619159.03,3261343.3947582277,3.2560689705559893,moderado,muito_acima,True,7357815.635241771,17.39291362054248
1503002,Faro,iss,2024,2489166.13,958472.7155309169,2.5970130288176243,moderado,muito_acima,True,1530693.4144690828,17.294466995462194
1501907,Bujaru,iss,2023,2311531.64,883632.0925804173,2.6159435124744896,moderado,muito_acima,False,1427899.547419583,17.183719388148617
1508084,Tucumã,iss,2021,3491879.12,9094087.292170195,0.3839724656048144,moderado,muito_abaixo,True,-5602208.172170195,17.070389205552118
1505205,Oeiras do Pará,iss,2023,2251178.02,766471.6539665668,2.937066241588884,moderado,muito_acima,False,1484706.3660334332,15.606485762954096
1503044,Floresta do Araguaia,iss,2022,3248909.85,998449.2727591493,3.2539558479739785,moderado,muito_acima,False,2250460.577240851,14.68772273950147
1504455,Medicilândia,iss,2019,3643408.38,1248272.5707323756,2.918760265526279,moderado,muito_acima,True,2395135.8092676243,13.748807845038002
1506005,Prainha,iss,2025,2292524.32,591024.4195788626,3.8788994905380547,moderado,muito_acima,True,1701499.9004211372,13.640966570688857
1508050,Trairão,iss,2021,965134.21,2797368.907339743,0.34501499157571913,moderado,muito_abaixo,True,-1832234.697339743,13.505747424520912
1508357,Vitória do Xingu,iss,2024,10499815.9,27177752.78136288,0.38633863456143586,moderado,muito_abaixo,False,-16677936.88136288,12.874270434001007
1508084,Tucumã,iss,2019,2767246.4,6948420.849236277,0.39825543962325727,moderado,muito_abaixo,True,-4181174.449236277,12.74038254046603
1508357,Vitória do Xingu,iss,2025,10488598.48,26874781.543063413,0.3902766042281444,moderado,muito_abaixo,False,-16386183.063063413,12.6490556737067
1507961,Terra Alta,iss,2023,1057119.59,352795.9812156674,2.99640485233808,moderado,muito_acima,True,704323.6087843326,11.720737133637883
1504976,Nova Ipixuna,iss,2025,1560743.79,578589.053720432,2.697499684731565,moderado,muito_acima,True,982154.736279568,11.427983949606094
1500347,Água Azul do Norte,iss,2019,1368911.24,3985056.411216226,0.3435111322758447,moderado,muito_abaixo,True,-2616145.171216226,10.654716011150448
1501105,Bagre,iss,2025,1393760.95,483688.6389516755,2.881525092300645,moderado,muito_acima,True,910072.3110483245,10.439478910745796
1504976,Nova Ipixuna,iss,2020,1146323.71,270910.94747660053,4.2313672469770225,moderado,muito_acima,False,875412.7625233994,10.185974398793784
1506708,Santana do Araguaia,iss,2019,2205364.62,5912722.884648003,0.3729862980262587,moderado,muito_abaixo,True,-3707358.2646480026,9.096117158944507
1505809,Portel,iss,2020,690264.14,2399366.9247379093,0.28768594452280355,moderado,muito_abaixo,False,-1709102.7847379092,8.506492350172012
1505205,Oeiras do Pará,iss,2021,251084.23,1038243.2395693548,0.2418356512527309,moderado,muito_abaixo,False,-787159.0095693548,8.274219170249419
1505809,Portel,iss,2019,692831.76,2355260.001936955,0.2941635995305055,moderado,muito_abaixo,False,-1662428.241936955,8.274185291269772
1500958,Aurora do Pará,iss,2020,1009277.18,360295.75566899456,2.8012463763998037,moderado,muito_acima,True,648981.4243310054,7.653122916291902
1504505,Melgaço,iss,2023,334827.58,948343.3956121549,0.35306575819391783,moderado,muito_abaixo,True,-613515.8156121548,7.550105155741113
1507508,São João do Araguaia,iss,2020,884740.84,311282.3320201406,2.842245604683903,moderado,muito_acima,True,573458.5079798594,7.303392255390588
1500131,Abel Figueiredo,iss,2020,673050.42,251299.07827253197,2.6782844753217994,moderado,muito_acima,True,421751.34172746807,6.024777944033204
1500701,Anajás,iss,2025,857672.01,322647.61840699683,2.658231336820557,moderado,muito_acima,True,535024.3915930032,5.513135093616177
1506401,Santa Cruz do Arari,iss,2019,480021.96,122058.72147039074,3.932713322058225,moderado,muito_acima,True,357963.2385296093,5.498786301149091
1505205,Oeiras do Pará,iss,2020,322171.07,808135.0052858118,0.3986599613836283,moderado,muito_abaixo,False,-485963.93528581184,5.108208202547967
1501105,Bagre,iss,2020,650010.21,226476.02235036614,2.8701060856429734,moderado,muito_acima,True,423534.18764963385,4.858379016998163
1504307,Maracanã,iss,2020,225561.43,593005.2283029065,0.38037005279957403,moderado,muito_abaixo,True,-367443.7983029065,4.569723286356009
1502608,Colares,iss,2019,406737.06,144744.45729484182,2.810035476325591,moderado,muito_acima,True,261992.60270515818,4.52996856501372
1507003,Santo Antônio do Tauá,iss,2021,262316.18,715692.5547544268,0.3665207612646015,moderado,muito_abaixo,True,-453376.3747544268,4.113115982413638
1500131,Abel Figueiredo,iss,2021,137120.74,394622.06500521314,0.3474735757570691,moderado,muito_abaixo,True,-257501.32500521315,3.6784430776114214
1502608,Colares,iss,2022,130906.88,338921.6551906922,0.3862452516536485,moderado,muito_abaixo,False,-208014.77519069222,3.59666793238693
1502509,Chaves,iss,2024,444100.69,132147.02437396225,3.3606559973930366,moderado,muito_acima,True,311953.66562603775,3.203786498925047
1504950,Nova Esperança do Piriá,iss,2022,111384.37,359683.5298111591,0.3096732565388217,moderado,muito_abaixo,True,-248299.15981115913,2.983102933788502
1505635,Piçarra,iss,2019,177139.59,557976.3083000397,0.3174679414968046,moderado,muito_abaixo,True,-380836.71830003976,2.9606216168308825
1501006,Aveiro,iss,2019,127582.12,453159.49279401766,0.2815391093616394,moderado,muito_abaixo,True,-325577.37279401766,2.7231051628903433
1502509,Chaves,iss,2019,254280.4,60060.27526677922,4.233753489648898,moderado,muito_acima,False,194220.1247332208,1.9946545977945227
1502509,Chaves,iss,2020,222817.73,61185.023244674376,3.6417037729800055,moderado,muito_acima,False,161632.70675532563,1.6599794801199521
1502509,Chaves,iss,2022,67375.42,221307.90979389616,0.3044419879196666,moderado,muito_abaixo,False,-153932.48979389615,1.5808977001693518
1502509,Chaves,iss,2021,48167.05,174075.78340284203,0.2767016127023996,moderado,muito_abaixo,False,-125908.73340284203,1.2930917139994307
