uf,n_municipios,obs_ok,obs_ausente_dca,obs_parcial,obs_erro_api,pct_obs_incompletas,municipios_com_imputacao,municipios_nao_resolvidos,outliers_projecao_30pct,anomalias_temporais_fortes,anomalias_temporais_moderadas,municipios_com_anomalia_temporal
AC,22,147,6,1,0,4.55,4,4,1,1,3,3
AL,102,675,16,23,0,5.46,28,0,20,14,61,44
AM,62,425,5,4,0,2.07,5,0,0,0,7,7
AP,16,92,17,3,0,17.86,8,8,2,5,10,9
BA,417,2792,8,96,23,4.35,86,0,12,29,172,116
CE,184,1275,0,13,0,1.01,10,0,8,2,32,26
DF,1,0,7,0,0,100.0,0,1,0,0,0,0
ES,78,544,0,1,1,0.37,1,0,1,0,8,7
GO,246,1584,6,34,98,8.01,35,0,33,46,87,77
MA,217,1494,6,17,2,1.65,22,0,52,31,123,88
MG,853,5841,12,117,1,2.18,109,0,30,34,224,157
MS,79,539,0,14,0,2.53,11,0,1,2,12,9
MT,142,972,15,6,1,2.21,13,0,35,5,19,17
PA,144,987,20,0,1,2.08,14,0,3,9,60,40
PB,223,1542,11,8,0,1.22,15,0,47,33,92,63
PE,184,1200,1,21,66,6.83,20,0,9,7,41,31
PI,224,1557,3,8,0,0.7,11,0,88,51,202,113
PR,399,2709,34,28,22,3.01,50,0,6,17,109,81
RJ,92,615,6,23,0,4.5,21,0,12,6,7,9
RN,167,1143,7,19,0,2.22,14,0,19,35,137,69
RO,52,351,6,4,3,3.57,7,0,3,2,7,5
RR,15,104,0,1,0,0.95,1,0,0,4,7,4
RS,497,3368,10,64,37,3.19,65,0,10,8,83,71
SC,295,2001,10,54,0,3.1,59,0,4,15,26,21
SE,75,507,0,12,6,3.43,9,0,8,3,40,25
SP,645,4477,9,28,1,0.84,32,0,7,18,104,71
TO,139,880,10,25,58,9.56,23,0,24,16,110,72
